comId,time,q_len,handled_num
0,1,125,0
2,1,125,0
1,1,125,0
3,1,125,0
0,6,250,0
1,6,250,0
3,6,250,0
2,6,250,0
0,11,375,0
1,11,375,0
3,11,375,0
2,11,375,0
0,16,470,30
1,16,470,30
3,16,470,30
2,16,470,30
0,21,595,30
1,21,595,30
3,21,595,30
2,21,595,30
0,26,720,30
1,26,680,70
3,26,680,70
2,26,718,32
0,31,795,80
1,31,805,70
3,31,805,70
2,31,805,70
0,36,920,80
1,36,930,70
3,36,930,70
2,36,930,70
0,41,1005,120
1,41,1005,120
3,41,1015,110
2,41,1015,110
0,46,1130,120
1,46,1130,120
3,46,1140,110
2,46,1140,110
0,51,1255,120
1,51,1217,158
3,51,1225,150
2,51,1225,150
0,56,1340,160
1,56,1340,160
3,56,1350,150
2,56,1350,150
0,61,1465,160
1,61,1465,160
3,61,1475,150
2,61,1475,150
0,66,1550,200
1,66,1550,200
3,66,1558,192
2,66,1550,200
0,71,1675,200
1,71,1675,200
3,71,1683,192
2,71,1675,200
0,76,1800,200
1,76,1764,236
3,76,1761,239
2,76,1769,231
0,81,1885,240
1,81,1889,236
3,81,1886,239
2,81,1894,231
0,86,2010,240
1,86,2014,236
3,86,2011,239
2,86,2019,231
0,91,2095,280
1,91,2095,280
3,91,2095,280
2,91,2105,270
0,96,2220,280
1,96,2220,280
3,96,2220,280
2,96,2230,270
0,101,2305,320
1,101,2305,320
3,101,2307,318
2,101,2305,320
0,106,2430,320
1,106,2430,320
3,106,2432,318
2,106,2430,320
0,111,2555,320
1,111,2555,320
3,111,2557,318
2,111,2525,350
1,116,2640,360
0,116,2640,360
2,116,2647,353
3,116,2640,360
1,121,2765,360
0,121,2765,360
2,121,2772,353
3,121,2765,360
1,126,2850,400
0,126,2890,360
2,126,2850,400
3,126,2850,400
1,131,2975,400
0,131,2965,410
2,131,2975,400
3,131,2975,400
1,136,3100,400
0,136,3090,410
2,136,3100,400
3,136,3100,400
1,141,3185,440
0,141,3180,445
2,141,3182,443
3,141,3185,440
1,146,3310,440
0,146,3305,445
2,146,3307,443
3,146,3310,440
1,151,3393,482
0,151,3430,445
2,151,3390,485
3,151,3401,474
1,156,3518,482
2,156,3515,485
0,156,3510,490
3,156,3526,474
1,161,3643,482
2,161,3640,485
0,161,3635,490
3,161,3651,474
1,166,3720,530
2,166,3720,530
0,166,3720,530
3,166,3730,520
1,171,3845,530
2,171,3845,530
0,171,3845,530
3,171,3855,520
1,176,3970,530
2,176,3932,568
0,176,3970,530
3,176,3940,560
1,181,4055,570
2,181,4057,568
0,181,4055,570
3,181,4065,560
1,186,4180,570
2,186,4150,600
0,186,4180,570
3,186,4157,593
1,191,4265,610
2,191,4275,600
0,191,4265,610
3,191,4282,593
1,196,4390,610
2,196,4400,600
0,196,4390,610
3,196,4407,593
1,201,4390,610
2,201,4360,640
0,201,4350,650
3,201,4360,640
2,206,4360,640
1,206,4341,659
0,206,4350,650
3,206,4360,640
2,211,4360,640
1,211,4341,659
0,211,4350,650
3,211,4320,680
2,216,4310,690
1,216,4300,700
0,216,4310,690
3,216,4320,680
2,221,4310,690
1,221,4300,700
0,221,4310,690
3,221,4320,680
2,226,4270,730
1,226,4300,700
0,226,4310,690
3,226,4280,720
2,231,4270,730
1,231,4260,740
0,231,4267,733
3,231,4280,720
1,236,4260,740
2,236,4270,730
0,236,4267,733
3,236,4280,720
1,241,4220,780
2,241,4230,770
0,241,4225,775
3,241,4236,764
1,246,4220,780
2,246,4230,770
0,246,4225,775
3,246,4236,764
1,251,4220,780
2,251,4182,818
0,251,4225,775
3,251,4190,810
1,256,4173,827
2,256,4182,818
0,256,4188,812
3,256,4190,810
1,261,4173,827
2,261,4182,818
0,261,4188,812
3,261,4152,848
1,266,4173,827
2,266,4140,860
0,266,4150,850
3,266,4151,849
1,271,4130,870
2,271,4140,860
0,271,4150,850
3,271,4151,849
1,276,4130,870
2,276,4140,860
0,276,4106,894
3,276,4110,890
1,281,4090,910
2,281,4100,900
0,281,4104,896
3,281,4110,890
1,286,4090,910
2,286,4100,900
0,286,4104,896
3,286,4110,890
1,291,4090,910
2,291,4060,940
0,291,4060,940
3,291,4061,939
1,296,4050,950
2,296,4060,940
0,296,4060,940
3,296,4061,939
1,301,4050,950
2,301,4060,940
0,301,4060,940
3,301,4061,939
1,306,4010,990
2,306,4020,980
0,306,4020,980
3,306,4020,980
1,311,4010,990
2,311,4020,980
0,311,4020,980
3,311,4020,980
1,316,3979,1021
2,316,3980,1020
0,316,3980,1020
3,316,3980,1020
1,321,3970,1030
2,321,3980,1020
0,321,3980,1020
3,321,3980,1020
1,326,3970,1030
2,326,3940,1060
0,326,3940,1060
3,326,3980,1020
1,331,3920,1080
2,331,3940,1060
0,331,3940,1060
3,331,3932,1068
1,336,3920,1080
2,336,3940,1060
0,336,3940,1060
3,336,3932,1068
1,341,3920,1080
2,341,3900,1100
0,341,3892,1108
3,341,3895,1105
1,346,3880,1120
2,346,3900,1100
0,346,3892,1108
3,346,3895,1105
1,351,3880,1120
2,351,3860,1140
0,351,3860,1140
3,351,3859,1141
2,356,3860,1140
1,356,3840,1160
0,356,3860,1140
3,356,3853,1147
2,361,3860,1140
1,361,3840,1160
0,361,3860,1140
3,361,3853,1147
2,366,3820,1180
1,366,3840,1160
0,366,3812,1188
3,366,3819,1181
2,371,3820,1180
1,371,3800,1200
0,371,3812,1188
3,371,3819,1181
2,376,3780,1220
1,376,3800,1200
3,376,3776,1224
0,376,3780,1220
2,381,3780,1220
1,381,3760,1240
3,381,3776,1224
0,381,3780,1220
2,386,3780,1220
1,386,3760,1240
3,386,3776,1224
0,386,3780,1220
2,391,3740,1260
1,391,3720,1280
3,391,3740,1260
0,391,3730,1270
2,396,3740,1260
1,396,3720,1280
3,396,3740,1260
0,396,3730,1270
2,401,3693,1307
1,401,3720,1280
3,401,3700,1300
0,401,3730,1270
2,406,3693,1307
1,406,3680,1320
3,406,3700,1300
0,406,3690,1310
2,411,3693,1307
1,411,3680,1320
3,411,3660,1340
0,411,3690,1310
2,416,3660,1340
1,416,3640,1360
3,416,3660,1340
0,416,3650,1350
2,421,3660,1340
1,421,3640,1360
3,421,3660,1340
0,421,3650,1350
2,426,3620,1380
1,426,3640,1360
3,426,3620,1380
0,426,3611,1389
2,431,3620,1380
1,431,3599,1401
3,431,3620,1380
0,431,3611,1389
2,436,3620,1380
1,436,3599,1401
3,436,3620,1380
0,436,3611,1389
2,441,3570,1430
1,441,3599,1401
3,441,3580,1420
0,441,3570,1430
2,446,3570,1430
1,446,3550,1450
0,446,3570,1430
3,446,3580,1420
2,451,3535,1465
1,451,3550,1450
0,451,3570,1430
3,451,3540,1460
2,456,3535,1465
1,456,3510,1490
0,456,3528,1472
3,456,3540,1460
2,461,3535,1465
1,461,3510,1490
0,461,3528,1472
3,461,3540,1460
2,466,3490,1510
1,466,3473,1527
0,466,3490,1510
3,466,3497,1503
2,471,3490,1510
1,471,3473,1527
0,471,3490,1510
3,471,3497,1503
2,476,3450,1550
1,476,3473,1527
0,476,3490,1510
3,476,3450,1550
2,481,3450,1550
1,481,3430,1570
0,481,3443,1557
3,481,3450,1550
2,486,3450,1550
1,486,3430,1570
0,486,3443,1557
3,486,3450,1550
2,491,3410,1590
1,491,3390,1610
0,491,3407,1593
3,491,3410,1590
2,496,3410,1590
1,496,3390,1610
0,496,3407,1593
3,496,3410,1590
2,501,3370,1630
1,501,3390,1610
0,501,3362,1638
3,501,3370,1630
2,506,3370,1630
1,506,3350,1650
0,506,3362,1638
3,506,3370,1630
2,511,3370,1630
1,511,3350,1650
0,511,3362,1638
3,511,3370,1630
2,516,3322,1678
1,516,3310,1690
0,516,3320,1680
3,516,3328,1672
2,521,3322,1678
1,521,3310,1690
0,521,3320,1680
3,521,3328,1672
2,526,3280,1720
1,526,3310,1690
0,526,3320,1680
3,526,3286,1714
2,531,3280,1720
1,531,3270,1730
0,531,3280,1720
3,531,3280,1720
2,536,3280,1720
1,536,3270,1730
0,536,3280,1720
3,536,3280,1720
2,541,3242,1758
1,541,3230,1770
0,541,3230,1770
3,541,3240,1760
2,546,3242,1758
1,546,3230,1770
0,546,3230,1770
3,546,3240,1760
2,551,3200,1800
1,551,3230,1770
0,551,3230,1770
3,551,3240,1760
2,556,3200,1800
1,556,3181,1819
0,556,3190,1810
3,556,3193,1807
2,561,3200,1800
1,561,3181,1819
0,561,3190,1810
3,561,3193,1807
2,566,3160,1840
1,566,3146,1854
0,566,3190,1810
3,566,3151,1849
2,571,3160,1840
1,571,3146,1854
0,571,3150,1850
3,571,3151,1849
2,576,3120,1880
0,576,3150,1850
1,576,3146,1854
3,576,3151,1849
2,581,3120,1880
0,581,3110,1890
1,581,3100,1900
3,581,3118,1882
2,586,3120,1880
0,586,3110,1890
1,586,3100,1900
3,586,3118,1882
2,591,3080,1920
0,591,3070,1930
1,591,3061,1939
3,591,3070,1930
2,596,3080,1920
0,596,3070,1930
1,596,3061,1939
3,596,3070,1930
2,601,3040,1960
0,601,3070,1930
1,601,3061,1939
3,601,3070,1930
2,606,3040,1960
0,606,3027,1973
1,606,3022,1978
3,606,3030,1970
2,611,3040,1960
0,611,3027,1973
1,611,3022,1978
3,611,3030,1970
2,616,3000,2000
0,616,3027,1973
1,616,2990,2010
3,616,2990,2010
2,621,3000,2000
0,621,2983,2017
1,621,2990,2010
3,621,2990,2010
2,626,2960,2040
0,626,2983,2017
1,626,2950,2050
3,626,2990,2010
2,631,2960,2040
0,631,2940,2060
1,631,2950,2050
3,631,2950,2050
2,636,2960,2040
0,636,2940,2060
1,636,2950,2050
3,636,2950,2050
2,641,2919,2081
0,641,2940,2060
1,641,2910,2090
3,641,2910,2090
2,646,2919,2081
0,646,2900,2100
1,646,2910,2090
3,646,2910,2090
0,651,2900,2100
2,651,2880,2120
1,651,2870,2130
3,651,2910,2090
0,656,2857,2143
2,656,2880,2120
1,656,2870,2130
3,656,2870,2130
0,661,2857,2143
2,661,2880,2120
1,661,2870,2130
3,661,2870,2130
0,666,2857,2143
2,666,2840,2160
1,666,2830,2170
3,666,2820,2180
0,671,2810,2190
1,671,2830,2170
2,671,2840,2160
3,671,2820,2180
0,676,2810,2190
1,676,2790,2210
2,676,2800,2200
3,676,2820,2180
0,681,2770,2230
1,681,2790,2210
2,681,2800,2200
3,681,2780,2220
0,686,2770,2230
1,686,2790,2210
2,686,2760,2240
3,686,2780,2220
1,691,2750,2250
0,691,2770,2230
2,691,2760,2240
3,691,2740,2260
1,696,2750,2250
0,696,2730,2270
2,696,2760,2240
3,696,2740,2260
1,701,2710,2290
0,701,2730,2270
2,701,2720,2280
3,701,2740,2260
1,706,2710,2290
0,706,2730,2270
2,706,2720,2280
3,706,2700,2300
1,711,2710,2290
0,711,2689,2311
2,711,2680,2320
3,711,2700,2300
1,716,2670,2330
0,716,2689,2311
2,716,2680,2320
3,716,2660,2340
1,721,2670,2330
0,721,2641,2359
2,721,2640,2360
3,721,2660,2340
1,726,2630,2370
0,726,2641,2359
2,726,2640,2360
3,726,2660,2340
1,731,2630,2370
0,731,2641,2359
2,731,2640,2360
3,731,2620,2380
1,736,2590,2410
0,736,2601,2399
2,736,2601,2399
3,736,2620,2380
1,741,2590,2410
0,741,2601,2399
2,741,2601,2399
3,741,2580,2420
1,746,2590,2410
0,746,2565,2435
2,746,2570,2430
3,746,2580,2420
1,751,2550,2450
0,751,2565,2435
2,751,2570,2430
3,751,2580,2420
1,756,2550,2450
0,756,2529,2471
2,756,2570,2430
3,756,2540,2460
1,761,2528,2472
2,761,2522,2478
0,761,2529,2471
3,761,2540,2460
1,766,2510,2490
2,766,2522,2478
0,766,2529,2471
3,766,2500,2500
1,771,2510,2490
2,771,2480,2520
0,771,2480,2520
3,771,2500,2500
1,776,2467,2533
2,776,2480,2520
0,776,2480,2520
3,776,2500,2500
1,781,2467,2533
2,781,2441,2559
0,781,2480,2520
3,781,2456,2544
1,786,2467,2533
2,786,2441,2559
0,786,2440,2560
3,786,2456,2544
1,791,2420,2580
2,791,2441,2559
0,791,2440,2560
3,791,2410,2590
1,796,2420,2580
2,796,2400,2600
0,796,2400,2600
3,796,2410,2590
1,801,2380,2620
2,801,2400,2600
0,801,2400,2600
3,801,2410,2590
2,806,2360,2640
1,806,2380,2620
0,806,2400,2600
3,806,2370,2630
2,811,2360,2640
1,811,2340,2660
0,811,2353,2647
3,811,2370,2630
2,816,2360,2640
1,816,2340,2660
0,816,2353,2647
3,816,2330,2670
2,821,2320,2680
1,821,2340,2660
0,821,2310,2690
3,821,2330,2670
2,826,2320,2680
1,826,2300,2700
0,826,2310,2690
3,826,2330,2670
2,831,2280,2720
1,831,2300,2700
0,831,2310,2690
3,831,2290,2710
2,836,2280,2720
1,836,2260,2740
0,836,2270,2730
3,836,2290,2710
2,841,2280,2720
1,841,2260,2740
0,841,2270,2730
3,841,2250,2750
2,846,2240,2760
1,846,2260,2740
3,846,2250,2750
0,846,2230,2770
2,851,2240,2760
1,851,2220,2780
3,851,2250,2750
0,851,2230,2770
2,856,2200,2800
1,856,2220,2780
3,856,2210,2790
0,856,2230,2770
2,861,2200,2800
1,861,2180,2820
3,861,2210,2790
0,861,2190,2810
2,866,2200,2800
1,866,2180,2820
3,866,2170,2830
0,866,2190,2810
2,871,2153,2847
1,871,2180,2820
3,871,2170,2830
0,871,2158,2842
2,876,2153,2847
1,876,2140,2860
3,876,2170,2830
0,876,2150,2850
2,881,2120,2880
1,881,2140,2860
3,881,2130,2870
0,881,2150,2850
2,886,2120,2880
1,886,2100,2900
3,886,2130,2870
0,886,2107,2893
2,891,2120,2880
1,891,2100,2900
3,891,2130,2870
0,891,2107,2893
2,896,2080,2920
1,896,2100,2900
3,896,2085,2915
0,896,2107,2893
2,901,2080,2920
1,901,2060,2940
3,901,2085,2915
0,901,2068,2932
2,906,2040,2960
1,906,2060,2940
3,906,2045,2955
0,906,2068,2932
2,911,2040,2960
1,911,2020,2980
3,911,2045,2955
0,911,2030,2970
2,916,2040,2960
1,916,2020,2980
3,916,2045,2955
0,916,2030,2970
2,921,2000,3000
1,921,2020,2980
3,921,2000,3000
0,921,1990,3010
2,926,2000,3000
1,926,1971,3029
3,926,2000,3000
0,926,1990,3010
2,931,1957,3043
1,931,1971,3029
3,931,1964,3036
0,931,1990,3010
2,936,1957,3043
1,936,1931,3069
3,936,1964,3036
0,936,1950,3050
2,941,1957,3043
1,941,1931,3069
3,941,1920,3080
0,941,1950,3050
2,946,1911,3089
1,946,1931,3069
3,946,1920,3080
0,946,1910,3090
2,951,1911,3089
1,951,1890,3110
3,951,1920,3080
0,951,1910,3090
2,956,1870,3130
1,956,1890,3110
3,956,1880,3120
0,956,1910,3090
2,961,1870,3130
1,961,1850,3150
3,961,1880,3120
0,961,1860,3140
2,966,1870,3130
1,966,1850,3150
3,966,1840,3160
0,966,1860,3140
2,971,1830,3170
1,971,1850,3150
3,971,1840,3160
0,971,1820,3180
2,976,1830,3170
1,976,1810,3190
3,976,1840,3160
0,976,1820,3180
2,981,1790,3210
1,981,1810,3190
3,981,1800,3200
0,981,1820,3180
2,986,1790,3210
1,986,1770,3230
3,986,1800,3200
0,986,1780,3220
2,991,1790,3210
1,991,1770,3230
3,991,1760,3240
0,991,1780,3220
2,996,1749,3251
1,996,1770,3230
3,996,1760,3240
0,996,1740,3260
2,1001,1749,3251
1,1001,1730,3270
3,1001,1760,3240
0,1001,1740,3260
2,1006,1707,3293
1,1006,1730,3270
3,1006,1720,3280
0,1006,1740,3260
2,1011,1707,3293
1,1011,1690,3310
3,1011,1720,3280
0,1011,1700,3300
2,1016,1707,3293
1,1016,1690,3310
0,1016,1700,3300
3,1016,1680,3320
2,1021,1660,3340
1,1021,1650,3350
0,1021,1660,3340
3,1021,1680,3320
2,1026,1660,3340
1,1026,1650,3350
0,1026,1660,3340
3,1026,1680,3320
2,1031,1660,3340
1,1031,1650,3350
3,1031,1640,3360
0,1031,1660,3340
2,1036,1620,3380
1,1036,1610,3390
3,1036,1640,3360
0,1036,1619,3381
2,1041,1620,3380
1,1041,1610,3390
3,1041,1600,3400
0,1041,1619,3381
2,1046,1571,3429
1,1046,1610,3390
3,1046,1600,3400
0,1046,1579,3421
2,1051,1571,3429
1,1051,1570,3430
3,1051,1600,3400
0,1051,1579,3421
2,1056,1571,3429
1,1056,1570,3430
3,1056,1560,3440
0,1056,1579,3421
2,1061,1536,3464
1,1061,1530,3470
3,1061,1560,3440
0,1061,1540,3460
2,1066,1536,3464
1,1066,1530,3470
3,1066,1520,3480
0,1066,1540,3460
2,1071,1500,3500
0,1071,1500,3500
1,1071,1530,3470
3,1071,1520,3480
2,1076,1500,3500
0,1076,1500,3500
1,1076,1490,3510
3,1076,1520,3480
2,1081,1460,3540
0,1081,1460,3540
1,1081,1490,3510
3,1081,1480,3520
2,1086,1460,3540
0,1086,1460,3540
1,1086,1440,3560
3,1086,1480,3520
2,1091,1460,3540
0,1091,1460,3540
1,1091,1440,3560
3,1091,1440,3560
2,1096,1420,3580
0,1096,1420,3580
3,1096,1440,3560
1,1096,1440,3560
2,1101,1420,3580
0,1101,1420,3580
3,1101,1433,3567
1,1101,1400,3600
2,1106,1380,3620
0,1106,1420,3580
3,1106,1400,3600
1,1106,1400,3600
2,1111,1380,3620
0,1111,1371,3629
3,1111,1400,3600
1,1111,1360,3640
2,1116,1380,3620
0,1116,1371,3629
3,1116,1360,3640
1,1116,1360,3640
2,1121,1339,3661
0,1121,1330,3670
3,1121,1360,3640
1,1121,1360,3640
2,1126,1339,3661
0,1126,1330,3670
3,1126,1320,3680
1,1126,1310,3690
2,1131,1300,3700
0,1131,1330,3670
3,1131,1320,3680
1,1131,1310,3690
2,1136,1300,3700
0,1136,1290,3710
3,1136,1320,3680
1,1136,1274,3726
2,1141,1300,3700
0,1141,1290,3710
3,1141,1277,3723
1,1141,1270,3730
2,1146,1259,3741
3,1146,1277,3723
0,1146,1250,3750
1,1146,1270,3730
2,1151,1259,3741
3,1151,1277,3723
0,1151,1250,3750
1,1151,1230,3770
2,1156,1216,3784
3,1156,1231,3769
0,1156,1250,3750
1,1156,1230,3770
2,1161,1216,3784
3,1161,1231,3769
0,1161,1210,3790
1,1161,1230,3770
2,1166,1216,3784
3,1166,1195,3805
0,1166,1210,3790
1,1166,1190,3810
2,1171,1171,3829
3,1171,1195,3805
0,1171,1170,3830
1,1171,1190,3810
2,1176,1171,3829
3,1176,1158,3842
0,1176,1170,3830
1,1176,1150,3850
2,1181,1131,3869
3,1181,1158,3842
0,1181,1170,3830
1,1181,1150,3850
2,1186,1131,3869
3,1186,1158,3842
0,1186,1121,3879
1,1186,1150,3850
2,1191,1131,3869
3,1191,1120,3880
0,1191,1121,3879
1,1191,1105,3895
2,1196,1093,3907
3,1196,1120,3880
0,1196,1081,3919
1,1196,1105,3895
2,1201,1093,3907
3,1201,1080,3920
0,1201,1081,3919
1,1201,1062,3938
2,1206,1054,3946
3,1206,1080,3920
0,1206,1081,3919
1,1206,1062,3938
2,1211,1054,3946
3,1211,1080,3920
0,1211,1043,3957
1,1211,1062,3938
3,1216,1037,3963
0,1216,1043,3957
2,1216,1054,3946
1,1216,1020,3980
3,1221,1037,3963
0,1221,1000,4000
2,1221,1010,3990
1,1221,1020,3980
3,1226,1000,4000
0,1226,1000,4000
2,1226,1010,3990
1,1226,989,4011
3,1231,1000,4000
0,1231,1000,4000
2,1231,970,4030
1,1231,989,4011
3,1236,960,4040
0,1236,960,4040
2,1236,970,4030
1,1236,989,4011
3,1241,960,4040
0,1241,960,4040
2,1241,970,4030
1,1241,940,4060
3,1246,960,4040
0,1246,929,4071
2,1246,930,4070
1,1246,940,4060
3,1251,920,4080
0,1251,929,4071
2,1251,930,4070
1,1251,902,4098
3,1256,920,4080
0,1256,890,4110
1,1256,902,4098
2,1256,890,4110
3,1261,880,4120
0,1261,889,4111
1,1261,890,4110
2,1261,890,4110
3,1266,880,4120
0,1266,889,4111
1,1266,860,4140
2,1266,890,4110
3,1271,880,4120
0,1271,850,4150
1,1271,860,4140
2,1271,842,4158
3,1276,840,4160
0,1276,850,4150
1,1276,821,4179
2,1276,842,4158
3,1281,840,4160
0,1281,810,4190
1,1281,821,4179
2,1281,800,4200
3,1286,800,4200
0,1286,810,4190
2,1286,800,4200
1,1286,780,4220
3,1291,800,4200
0,1291,810,4190
2,1291,800,4200
1,1291,780,4220
3,1296,760,4240
0,1296,770,4230
1,1296,780,4220
2,1296,762,4238
3,1301,760,4240
0,1301,770,4230
1,1301,740,4260
2,1301,762,4238
3,1306,760,4240
0,1306,730,4270
1,1306,740,4260
2,1306,730,4270
3,1311,720,4280
0,1311,730,4270
1,1311,740,4260
2,1311,730,4270
3,1316,720,4280
0,1316,729,4271
1,1316,700,4300
2,1316,690,4310
0,1321,690,4310
3,1321,690,4310
1,1321,700,4300
2,1321,690,4310
0,1326,690,4310
3,1326,690,4310
1,1326,660,4340
2,1326,690,4310
0,1331,650,4350
3,1331,650,4350
1,1331,660,4340
2,1331,650,4350
0,1336,650,4350
3,1336,650,4350
1,1336,620,4380
2,1336,650,4350
0,1341,650,4350
3,1341,650,4350
1,1341,620,4380
2,1341,612,4388
0,1346,610,4390
3,1346,610,4390
1,1346,620,4380
2,1346,612,4388
0,1351,610,4390
3,1351,610,4390
1,1351,580,4420
2,1351,612,4388
0,1356,570,4430
3,1356,568,4432
1,1356,580,4420
2,1356,570,4430
0,1361,570,4430
3,1361,568,4432
1,1361,540,4460
2,1361,570,4430
0,1366,530,4470
3,1366,568,4432
1,1366,540,4460
2,1366,530,4470
0,1371,530,4470
3,1371,528,4472
1,1371,540,4460
2,1371,530,4470
0,1376,530,4470
3,1376,528,4472
1,1376,494,4506
2,1376,530,4470
0,1381,490,4510
3,1381,498,4502
1,1381,494,4506
2,1381,490,4510
0,1386,490,4510
3,1386,481,4519
1,1386,450,4550
2,1386,490,4510
0,1391,450,4550
3,1391,481,4519
1,1391,450,4550
2,1391,450,4550
0,1396,450,4550
3,1396,441,4559
1,1396,450,4550
2,1396,450,4550
0,1401,410,4590
3,1401,441,4559
1,1401,410,4590
2,1401,410,4590
0,1406,410,4590
3,1406,407,4593
1,1406,410,4590
2,1406,410,4590
0,1411,410,4590
3,1411,407,4593
1,1411,369,4631
2,1411,410,4590
0,1416,370,4630
3,1416,407,4593
1,1416,369,4631
2,1416,368,4632
0,1421,370,4630
3,1421,370,4630
1,1421,369,4631
2,1421,368,4632
0,1426,330,4670
3,1426,370,4630
1,1426,320,4680
2,1426,330,4670
0,1431,330,4670
3,1431,330,4670
1,1431,320,4680
2,1431,330,4670
0,1436,330,4670
3,1436,330,4670
1,1436,280,4720
2,1436,330,4670
0,1441,290,4710
3,1441,330,4670
1,1441,280,4720
2,1441,285,4715
0,1446,290,4710
3,1446,290,4710
1,1446,280,4720
2,1446,285,4715
0,1451,250,4750
3,1451,290,4710
1,1451,240,4760
2,1451,285,4715
0,1456,250,4750
3,1456,250,4750
1,1456,240,4760
2,1456,240,4760
0,1461,250,4750
3,1461,250,4750
1,1461,200,4800
2,1461,240,4760
0,1466,210,4790
3,1466,210,4790
1,1466,200,4800
2,1466,200,4800
0,1471,210,4790
3,1471,210,4790
1,1471,200,4800
2,1471,200,4800
0,1476,170,4830
3,1476,210,4790
1,1476,160,4840
2,1476,160,4840
0,1481,170,4830
3,1481,170,4830
1,1481,160,4840
2,1481,160,4840
0,1486,170,4830
3,1486,170,4830
1,1486,120,4880
2,1486,160,4840
0,1491,121,4879
3,1491,170,4830
1,1491,120,4880
2,1491,124,4876
0,1496,121,4879
3,1496,124,4876
1,1496,80,4920
2,1496,124,4876
0,1501,81,4919
3,1501,124,4876
1,1501,80,4920
2,1501,85,4915
0,1506,81,4919
3,1506,80,4920
1,1506,80,4920
2,1506,85,4915
0,1511,81,4919
3,1511,80,4920
1,1511,40,4960
2,1511,85,4915
0,1516,40,4960
3,1516,80,4920
1,1516,40,4960
2,1516,40,4960
0,1521,40,4960
3,1521,40,4960
1,1521,40,4960
2,1521,40,4960
0,1526,40,4960
3,1526,40,4960
1,1526,0,5000
2,1526,0,5000
0,1531,0,5000
3,1531,0,5000
1,1531,0,5000
2,1531,0,5000
