committee,daon,decentruth,seenfeed
4.373259349,4.3413011820000005,11.660743987,8.252991819
4.544817765,8.839515614,23.400512452,16.629897735
4.601253951,13.127680123,35.087827554,25.178552073
4.657564121,17.638737959,46.784999856,33.675667774
8.780085125,22.486744887,58.545133083,41.998903643
9.170236172,27.134454437,70.159958893,50.260092765
9.179399777,31.636899201,81.09898511499999,58.451237135
9.095025329,36.257084081,92.124637364,66.662467444
13.384528308,40.768899334,103.51894353,74.94656181
13.651372565,45.013843480000006,115.217825963,83.329867054
13.774078499000002,49.41222814,126.69304436,91.839836737
13.519991874,54.131584211,138.922796898,100.198744247
18.090936335,58.627358328,150.260834595,108.87416861
18.107848367,63.249981788,161.57479439600002,117.126373151
18.486488484,67.869896743,172.95281110300002,125.732419549
18.229129689,72.43723724099999,184.46551668900003,134.474052038
22.680064926,77.20964875399999,195.43531397100003,142.505061004
22.647165917,81.64297928599998,206.51622137100003,151.072042429
23.151488593000003,86.30912186299999,218.09603580900003,159.454344558
22.80754297,90.549228502,229.474114045,167.895376944
27.007972652,95.1218893,241.07913945,176.13011981399998
27.433685079,99.827160418,253.014484119,184.485790532
27.918769760000004,104.41644999,265.040144705,193.06510891
27.552486673,108.933529817,275.799763364,201.340233599
31.485540915,113.580978013,287.452611446,209.455261474
31.923365822,117.957993843,298.651628427,217.898232048
32.303172835000005,122.651429064,309.851305316,226.152644941
32.228327439,127.181896537,320.914762964,234.237001181
36.111834908,131.677399766,332.038274823,242.733873352
36.61007667,136.387545385,343.485991326,251.205731061
36.731049549000005,140.708042054,354.697154509,259.82871145400003
36.922434137,145.370394638,366.626450238,267.89104331000004
40.502314354,149.86816503199998,378.205605287,276.38393993700004
41.362062441,154.516340881,389.41239031,284.966926628
41.25254897400001,158.89835025399998,400.587393714,293.140330699
41.319688484,163.59319804799998,412.58939401,301.52029265
44.894193913,168.224098439,423.789477272,310.059814082
45.951395544,173.046811766,436.066541087,318.40876205300003
45.92035753700001,177.438034707,447.5588146390001,326.584817611
45.724825867,181.758193442,458.7238119940001,334.94149088300003
49.430549017,186.238472014,470.7796727070001,343.189606602
50.682503987,190.727057215,481.9534508960001,351.610384947
50.09767829600001,195.281531387,493.1661586250001,359.698245377
50.442288019,199.935279794,504.82165603300007,367.943933067
54.005068202,204.40912729,516.3517073570001,376.51711294
55.28647036,208.80031523,527.6694050180001,384.516356465
54.61974583500001,213.533101942,538.8017604130001,392.72801235
55.156215341000006,217.972008266,550.1703884710001,401.074622635
58.464436426000006,222.513010652,561.6338376530001,409.55708223500005
59.611454228,227.040597787,572.9202115290001,418.22056432400007
59.01125854300001,231.574433943,584.3488149610001,426.5530672340001
59.421232239000005,235.988041902,595.4076038980002,435.19002707900006
63.34256831500001,240.443020465,606.5137753320001,443.441361757
64.17735482,244.761705258,618.0705587030002,451.839230341
63.58211666900001,249.267277864,629.1139951170002,460.46057163
63.809214868000005,253.619853851,640.0041794850001,468.237870606
67.90059919400001,257.974749139,651.6103386740001,477.028598179
68.51715488800001,262.011363998,663.1413012930001,485.30638669
67.885492197,266.172093665,675.307630515,493.961982885
68.189254969,270.769598075,686.859145357,502.241096087
72.25795587500001,275.15164027,698.708309272,510.395397775
73.05381902500001,279.50704752,710.0216847969999,518.744594581
72.447947654,284.05391630699995,721.5775586689999,526.985997275
72.660221034,288.50909595,733.052767402,535.3139233820001
76.79754091800001,292.974050366,744.372480442,543.9739052390001
77.661343681,297.372094863,756.201522112,551.9881368040002
76.754250141,302.112943258,768.14898872,560.1293449080002
76.999341723,306.886954894,779.476612714,568.5839739870003
81.43606839600001,311.422480438,791.152167889,576.7865343920002
81.909838553,315.693121247,802.882559251,585.3277217390003
81.256112717,320.382255989,814.32218676,593.8588250700003
81.444897164,325.066791121,825.706068411,602.5790182580004
85.981697213,329.750426054,837.180012055,610.8766562130004
86.398604191,334.224796644,848.750937371,619.3815324150004
85.829145555,338.791262811,860.579006114,627.8304950270003
86.09749646899999,343.41084018899994,872.255530131,636.1618361500003
90.377071235,347.79781579199994,883.601617453,644.7072178360004
90.73350247,352.175175611,894.8983405390001,652.6026614090003
90.402620355,356.4987235559999,907.058800859,660.9484951850003
90.488469343,361.0069883619999,919.288750463,669.0949076590003
95.12631681,365.4744705849999,931.117404397,677.6950669380003
95.347238745,369.6632772339999,942.70487085,686.3438081040003
94.810595525,374.0701993549999,953.8665680200002,694.9016609700003
94.88017035,378.9406223889999,965.5230941550002,703.2676007510003
99.621835143,383.2439883039999,976.6137475140002,711.9011420260002
99.831858779,387.787917978,988.0123394440002,720.0232284140002
99.270978889,392.429727807,999.6973287130002,728.4453373540002
99.32483421,396.761416858,1011.137454573,736.5744845530003
104.0476224,401.020208109,1022.450157912,745.1059632990002
104.456665365,405.8082190939999,1033.77258455,753.4584890240002
103.840983294,410.446953872,1045.1170521320005,761.9048483810002
103.429199683,414.8953662849999,1056.4807236010004,770.4034468840002
108.600618802,419.1669193849999,1067.7696421840003,778.9012300550003
109.047006597,423.476436326,1078.8298331090002,787.1640403120002
108.55542579,427.9471101099999,1090.2438869820005,795.9664298810002
107.850984468,432.5716096239999,1101.5216207370004,804.2858272230002
113.239259934,436.9870038209999,1112.4418175770004,812.9433451320002
113.852270891,441.4183565049999,1124.0450176380004,821.0524120870002
112.941442703,445.8691040029999,1135.8478262440003,829.4330868590002
112.322948068,450.13935507299993,1147.2906544050006,837.5925790910003
117.713940529,454.82930322499993,1158.5062126340006,845.8704525620003
118.389739968,459.180207757,1170.4138139900006,854.4101219290003
117.35820622,463.649386516,1181.9262567370006,863.0884579610002
116.593764121,467.805651011,1193.1610206610003,871.6630554470003
122.224698084,472.561396224,1204.5425617870003,880.2103684710003
122.715255372,477.201909106,1215.7893862530004,888.7442262700002
121.766904922,481.757331521,1226.9290381330004,897.2629108470003
121.030372692,486.227684897,1238.2598514810004,905.2669501280004
126.490259493,490.902904356,1249.7533181830004,913.7192582890004
127.031247632,495.637858399,1260.6420408800004,922.4749302200004
126.038436186,500.143789867,1271.7498680260005,930.8209969890004
125.53158880399998,504.646964321,1282.8043557240003,939.2821598680003
130.92140655699998,509.034745818,1294.3239184920003,947.6459269980004
131.391932767,513.664756456,1305.1198145000003,956.0329137850003
130.596509161,518.093999921,1317.0530731410006,964.7797840250004
129.890543816,522.673693614,1328.3507433460006,972.9930047840004
135.29309745499998,527.139400609,1339.6131820740006,980.9712314610003
135.96860981600005,531.8438566,1350.8912767290003,989.3025896650004
135.199040733,536.4482562219999,1362.1746869350006,997.9234598200004
134.16159663899998,540.8540251789999,1373.7020804890003,1006.6145041140004
139.741316927,545.5987301729999,1384.8246454110006,1014.9126760860004
140.27957320400003,550.053082263,1395.9945485190003,1023.2574000410004
139.716556515,554.358503552,1407.370599397001,1031.7286577090003
138.728359956,558.80396016,1418.4284454260007,1039.9766930600003
144.17958785099998,563.158343048,1430.1256992160008,1048.2579313250003
144.72599801700002,567.616955513,1441.3966538930008,1056.6343205870005
144.038104322,572.1570527169999,1452.7725570720008,1064.9778800570002
143.502027191,576.743446096,1464.5573841410007,1073.0043735810002
148.41992591399998,581.143621338,1475.5447235850008,1081.2158074390002
149.13444656200002,585.810065192,1486.556354307001,1089.2328768810005
148.524507233,590.0383695200001,1497.997222161001,1097.8289932850005
148.04146034299998,594.657537247,1509.0116532410009,1106.1609489830005
153.06434807799997,599.0379736650001,1520.140266672001,1114.7033375140002
153.659202009,603.5119942740001,1531.540912414001,1122.9993704330002
153.10565125300002,607.8937527700001,1542.604427633001,1131.257891501
152.50842383999998,612.0749141470001,1554.013352520001,1139.252583414
157.67064648199997,616.481070938,1565.690810964001,1147.883081027
158.546271775,620.821370254,1576.564759149001,1156.177197933
157.49875961100005,625.385126041,1587.874687276001,1164.288710919
157.05472921099997,629.783620919,1599.6365552430009,1172.795984178
162.46545462399996,634.209602907,1611.3982652930008,1181.439168742
162.76990418600002,638.814664988,1622.9463259810009,1189.769097296
162.15932161800004,643.21558476,1634.179735981001,1198.209032619
161.54892481699997,647.580555087,1645.3789546500009,1206.052049431
166.86042121899996,651.8379398339999,1656.4406459270008,1214.8099094370002
167.43792646900002,656.389851723,1667.6881825840007,1223.2487616320002
166.85279318800002,661.089912104,1678.9009167390006,1231.5355021390003
165.94331701799996,665.4529661119999,1690.0217106550006,1239.8120133750003
171.31352835199996,669.9070654989999,1701.0996339340006,1248.0573154790004
172.031668063,674.2641572409999,1712.4270984040006,1256.2933732830004
171.17973009700003,678.6927210919999,1723.9256823000003,1264.6085767910004
170.54196083199997,683.1164948369999,1735.1245156520006,1273.1297828930003
175.84585260799997,687.4230819369999,1746.7134082140003,1281.4888406500004
176.61516304100002,691.5601718659999,1758.3330440520006,1289.6086983710004
175.97021421100004,695.9465051589999,1769.4705943440006,1298.1817294810005
174.886832536,700.4468635779999,1780.5816382820003,1306.1299338830006
180.413411777,704.9624130099999,1792.1960443890005,1314.6253617530006
181.14394301,709.4376790459999,1802.9923947280004,1323.3414901150006
180.35277411500005,713.9111612579999,1813.9203257300005,1331.769352542001
179.288051207,717.9091224259998,1825.3552999050005,1340.2594329080007
184.86005431799995,722.7875765859999,1836.267218881,1348.7636778350006
185.801715772,727.3550131279999,1847.225317538,1357.2542309610003
184.94662486500005,732.0556095759999,1858.700524063,1365.5267842450005
183.571220884,736.747631784,1870.055356073,1373.8276628110004
189.425450682,741.3616250829999,1881.18903657,1382.1166446970003
190.27139548700004,745.7299913669999,1892.105055238,1390.4241408350006
189.52346671500004,750.297212913,1903.514868047,1398.7709268830006
188.057234057,754.897211578,1914.403164708,1406.8543589220003
194.22727711099995,759.561828239,1925.66996024,1415.2796136160005
194.86999296400003,763.8891331799999,1936.819258254,1423.4645410530004
194.02196465700004,768.322670961,1948.302310412,1431.6472905330004
192.520002483,772.818850733,1959.683312711,1439.7531383380003
198.61313980299997,777.355819262,1970.842860264,1448.1257363400002
199.417421653,781.956154504,1982.125907407,1456.163776834
198.37097872600003,786.456553346,1993.623317139,1464.399634884
196.7763641,790.745996944,2004.547851829,1472.646707098
202.91291204199996,795.190287693,2015.547354057,1480.983512274
204.063787928,799.5516884499999,2027.403026357,1489.601234729
202.76453401000003,804.0664848419999,2039.150614023,1497.629439074
201.080578105,808.6077375549999,2050.622395508,1506.142142642
207.36217741099992,813.1542554219999,2061.745771644,1514.718446491
208.803452811,817.6785962349999,2072.664262243,1522.959555562
207.30093950800003,822.2105534479999,2084.22002431,1531.131118434
205.827332561,826.693459893,2095.147447099,1539.233118963
211.8436466569999,831.3132054289999,2106.427752095,1547.712171957
213.374878768,835.8844853119999,2117.83389142,1556.241909933
211.66617168600004,840.278234756,2129.647085797,1564.599952784
210.290697718,844.749954496,2140.65956449,1573.12747094
216.1452376109999,849.298716482,2152.160846635,1581.600871514
217.891595208,854.037710356,2163.379005284,1589.9554849469998
215.89767786400003,858.644367526,2174.584779917,1598.3072103409995
215.130638337,863.123175716,2185.832645002,1606.5637992069996
220.6902513999999,867.766287195,2197.070285034,1614.8726865309995
222.587291131,872.341276583,2208.622732277,1623.2352321539995
220.27537194800004,876.8034162499999,2220.230493885,1631.5321570749995
219.700482148,881.4419057179999,2231.7301607550003,1639.9583779269994
225.1309039369999,886.0403450659999,2242.681611373,1648.6297137589995
226.785104303,890.5339516059998,2254.0190192110003,1657.4324252849997
224.83643990900003,895.0657511669998,2265.8020156190005,1665.8744802199994
224.165302105,899.5617471639998,2277.1469059890005,1674.4772111799994
229.5715809929999,903.848315386,2288.311324228001,1682.6775865239993
231.605980896,908.1791446129998,2299.8020195150007,1691.0613556189992
229.20901524000004,912.992399417,2310.8611724500006,1699.798949816999
228.801540437,917.6928513389998,2322.3611285230004,1708.157104038999
234.1980939229999,922.245919051,2333.2033049510005,1716.565433621999
236.117349593,926.690855522,2344.7268044630005,1724.786466797999
233.69779748400003,931.171685882,2356.6984379760006,1733.407010793999
233.459852083,935.799698975,2367.9019110130007,1741.763573039999
238.6889977209999,940.433249691,2379.177685061001,1750.0070121879992
240.607769683,944.976423369,2390.6211546520008,1758.795600100999
238.15224377000004,949.44120088,2401.8372284060006,1767.1754386579992
237.70568344,953.948045743,2413.3569950010005,1775.4728498089992
243.5009827959999,958.777931688,2425.1992607690004,1783.860691760999
245.240177561,963.523586392,2436.6985842090003,1792.2836226959992
242.67451764900005,968.0426310309998,2448.1429572570005,1800.7423590989993
242.284024996,972.5592404729998,2459.4452449310006,1809.1046424249992
247.9580075949999,977.0253356669998,2470.6702062170007,1817.7092802469992
249.816903307,981.4430919739998,2482.1610717730005,1826.4231263089991
247.13900584400005,986.0954499649998,2493.3162578900005,1834.5199798019992
246.901514575,990.375021942,2504.7999488130004,1842.9595880929992
252.06342393699992,994.672222347,2516.2838279320003,1851.1271323429992
254.06569087,999.099211434,2527.3561419790003,1859.561298439999
251.44370570100008,1003.673043233,2538.5830126860005,1867.7992285199991
251.55926075899995,1008.005648547,2549.9842819100004,1876.3476792009992
256.5672190529999,1012.542241006,2562.0484616350004,1884.6787451329992
258.5747059,1016.800644157,2573.548580819001,1893.1750075989992
255.97434590300008,1021.23597351,2584.6710682670005,1901.758249749999
256.014183466,1025.871428437,2596.1632318110005,1909.917726727999
261.30129192399994,1030.052174641,2607.8880174020005,1918.344318255999
263.012473742,1034.595709996,2618.6584646420006,1926.656582489999
260.62829669800004,1039.346434381,2630.2353718330005,1934.968144306999
260.45807199599994,1043.804284158,2641.1731180170004,1943.561646738999
265.807210673,1048.173278575,2653.0762173410003,1951.935210321999
267.303985989,1052.672014601,2664.123929012,1960.392693587999
264.98616312100006,1057.253061408,2675.46083051,1968.6269904459991
265.241118828,1061.5821405529998,2686.678209973,1976.7147089319992
270.1688143039999,1066.0719905669998,2698.336695142,1985.4237714229992
271.873431869,1070.595564971,2709.448186614,1993.9020843899991
269.64010243600006,1075.340110204,2720.534481764,2002.2175069359992
269.77655318499995,1079.772404981,2731.671090677,2010.805394900999
274.6346336109999,1084.3013630619998,2742.951919036,2019.516423178999
276.60240233,1088.5849093579998,2754.080345801,2027.860977181999
273.8757440410001,1092.834426455,2765.409433362,2036.332926132999
274.31119381,1097.4084208129998,2776.740264938,2045.003445480999
279.2665537019999,1101.8796474919998,2788.639420773,2053.225978658999
281.34951521600004,1106.2929928699998,2800.574829463,2061.5498452529987
278.3612760370001,1110.604473276,2812.224184183,2069.8435544869985
278.68034938999995,1115.123990635,2823.52738579,2078.2993622719987
283.5711161679999,1119.806615193,2834.5969428779995,2086.679570950999
285.96572301400005,1124.017212417,2846.2034155129995,2095.2529554169987
283.2281461290001,1128.627916472,2858.057122954,2103.411548931999
282.99894491799995,1133.101034401,2869.313109258,2111.992730133999
287.89878009199987,1137.518028869,2881.133349224,2120.401458684999
290.20329637900005,1142.127946835,2892.283588527,2128.969241434999
287.7755198860001,1146.4182819589998,2903.7936618799995,2137.4046467999988
287.668918952,1151.0697210469998,2914.7994780429995,2145.878041737999
292.1372311859999,1155.6525058379998,2925.919360798,2154.431360433999
294.90937499300003,1160.0050922049998,2936.8657917519995,2162.830884207999
292.4525689200001,1164.5717664549998,2948.5603327799995,2171.02487322
292.236803521,1169.1354718739997,2959.5880190379994,2179.693533174999
296.5507735789999,1173.6387611349996,2970.6451474149994,2187.8220139719992
299.325448917,1178.0411918549996,2982.232307486,2196.259870764999
296.9591901810001,1182.3321968379996,2993.736463212,2204.499854229999
296.875766837,1187.0438652609996,3004.969827277,2213.0082561609997
301.15190671599987,1191.5524635629995,3016.118869262,2221.5747592289995
303.80123542300004,1195.9022063599998,3027.694708432,2230.0941363709994
301.3952637160001,1200.4578410409997,3039.11502897,2238.277606826
301.50624956099995,1205.0311056799997,3050.649619682,2246.6844980569995
305.3763970969999,1209.8302342179998,3061.902417216,2255.4638060279995
308.26409969300005,1214.2556713089998,3073.729535409,2264.0034483209997
305.7945727610001,1218.6768775329997,3085.389035149,2272.4395399519994
305.91880797499994,1223.1816775259997,3096.869488681,2281.0950664869997
310.1793374499999,1227.6792164139997,3108.186724385,2289.6085483429997
312.7675864870001,1232.2984529369996,3119.172707355,2297.601118967
310.3877907900001,1237.0764545209995,3130.439105365,2305.817663360999
310.5536499979999,1241.6388155949996,3142.331825171,2314.4623713739998
314.2552283549999,1246.1109568109996,3153.991008552,2323.000666456999
317.4583177090001,1250.5006331059997,3164.9312794269995,2331.573947077999
314.8618018230001,1254.9100286789997,3176.214517266,2339.968261034999
314.8836384629999,1259.7239648079997,3187.9873684889994,2348.0544186459992
318.89090238699987,1264.3733582029995,3199.743789688,2356.810334878999
322.2002148250001,1269.0639294119997,3210.8786728049995,2365.442208184
319.2777534640001,1273.5679681869997,3222.2900636179997,2373.9624777369995
319.5788381369999,1277.9716646149998,3233.5211499829998,2382.2640235129998
323.52710522799987,1282.2921463799998,3244.6471894829992,2390.6714257829994
326.6643011990001,1286.56794682,3256.16514471,2399.1507315569997
324.0026258770001,1290.9842690839998,3267.352425386,2407.6954940159994
324.1284845639999,1295.56120711,3278.611419476,2416.553368146999
328.09334430299987,1300.135331108,3290.264887772,2424.882122642999
331.0142395040001,1304.5748590859998,3301.272814431,2433.235271175999
328.6395211990001,1309.1396982959998,3312.984918531,2441.3381416459997
328.39669756699993,1313.9505167559998,3324.379585864,2449.804169120999
332.59871363999986,1318.3121793239998,3336.296773756,2458.2465675089998
335.4764412250001,1322.9313921039998,3347.540254421,2466.731453237999
333.1689737810001,1327.2938833779997,3358.70338175,2474.855934575999
332.822890501,1331.5628872279997,3370.351808388,2483.4273529449997
337.41187736999984,1336.1413534239996,3381.59774527,2492.111435322999
339.8890251520001,1340.4372517369995,3392.772342635,2500.694669956999
337.7325371170001,1345.0222487639996,3404.193098784,2509.2134722399987
337.35474305699995,1349.3716641079995,3415.5770269550003,2517.586689259999
341.82982496699987,1353.9212317059996,3427.272026547,2526.203464836999
344.5449430890001,1358.4156405189997,3439.023137765,2535.033624864999
342.1661264960001,1363.0048790259996,3450.561423687,2543.675132498999
341.912292818,1367.4512790259996,3461.964012118,2552.041446280999
346.09978053699984,1371.8114950029997,3473.741931336,2560.334198733999
348.6117619020001,1376.2790331579995,3484.562338944,2568.941063018999
346.9996804420001,1380.7230451429998,3495.19131679,2577.602240827999
346.325113726,1385.0805945989998,3506.9478591330003,2586.062294017999
350.4712753659999,1389.4497054679998,3518.0472585730004,2594.366489619
353.1179675630001,1394.1943125459998,3529.4284447530003,2602.545138675999
351.5427235330001,1398.7575186569998,3540.5674933470004,2610.616969182999
350.609611359,1403.163115856,3551.965150191,2619.253723323999
355.01762756799985,1407.651740224,3563.1186248090003,2627.414318798999
357.6197099480001,1412.266939921,3574.392520268,2635.7133319299987
356.1297740310001,1416.679008553,3585.8257863420004,2644.020695728999
355.319181159,1421.0689520019998,3597.228168547,2652.459944071999
359.24859603599987,1425.520020194,3608.26259028,2660.615716623999
362.17215407100014,1430.025482565,3619.981005064,2668.7925822869997
360.2987889690001,1434.549029542,3631.228122467,2677.273907902
359.770940966,1439.048442775,3642.96680478,2685.6001088819994
363.3759836039999,1443.327851736,3654.009327304,2693.9927425369992
366.8110206910001,1447.866262165,3665.210330322,2702.2096446279998
364.9873422570001,1452.367882551,3676.529467603,2710.5826812539995
364.279171033,1457.007890444,3687.648555975,2719.2127246439995
367.7753889959999,1461.746771806,3698.640387995,2727.6646145909995
371.5463860740001,1466.286625111,3710.558868018,2736.4084326839998
369.3819069330001,1470.678765976,3721.814711215,2744.642503044999
368.94187171499993,1475.372492673,3733.622180629001,2753.2899613179998
372.1444823729999,1480.049689887,3744.803618368001,2761.948785339999
376.0783223960001,1484.533461765,3755.7192164980006,2770.123452087
373.7793860060001,1489.018658054,3767.0174748630006,2778.611152443
373.2400278029999,1493.556575385,3778.8880215490008,2786.775618350999
376.5633469269999,1498.271487356,3790.227704080001,2795.271629101999
380.4406551280001,1502.814706805,3800.870585748001,2803.6710312309992
378.0659206600001,1507.431553574,3812.4590472240006,2812.077747760999
377.9968655859999,1512.022559111,3824.296953997001,2820.530486586999
381.1287307459999,1516.593095059,3835.731789851001,2829.240071963999
384.7746229680001,1520.992521308,3847.516049421001,2837.831368519999
382.50246188000006,1525.392209076,3859.178658054001,2846.236897418999
382.4041642949999,1529.891565816,3870.197043017001,2854.632236733999
385.54775332699984,1534.005923451,3882.0502105260007,2863.197369017999
389.4005496180001,1538.4510099939998,3893.361441303001,2871.732234741999
387.1258193450001,1542.849967712,3904.459531553001,2880.157918314999
386.9007922519999,1547.5213242569998,3915.852263821001,2888.621308818999
390.03518213499984,1552.155252998,3926.870707914001,2896.885102847999
393.96007947700014,1556.341822617,3938.108563630001,2905.208974870999
391.5005532480001,1560.836827041,3949.615518537001,2913.462767059999
391.2446529849999,1565.4602234729998,3961.230832481001,2922.111130003999
394.4123660239998,1569.9660239429998,3972.629101910001,2930.381398759999
398.5445666250001,1574.5702646879995,3984.041011627001,2938.986283209999
395.9068705220001,1578.9357528439998,3995.537755609001,2946.951967513999
396.0772760449999,1583.430094917,4007.196764312001,2955.4070251949997
398.7249136699998,1587.87624348,4018.414517390001,2963.795700866999
403.0843348180001,1592.500784034,4029.789061206001,2971.942936152999
400.3315418270001,1596.737880032,4040.971746293001,2980.174040771999
400.5353594779999,1601.336211799,4051.941119540001,2988.649744508999
403.0922080369998,1605.658271368,4063.324974019001,2997.009404986999
407.6327730910001,1609.79169236,4074.656079245002,3005.282530212999
404.9744035830001,1614.352829007,4085.8627418920014,3013.8093276249992
405.1420595889999,1618.777962226,4097.151424354001,3021.944863958999
407.6156297329998,1623.132426462,4108.314516053001,3030.208524886999
411.8742674470001,1627.901835376,4119.752023428001,3038.830015949999
409.47465110600007,1632.425530104,4130.864203791001,3047.323235497999
409.4098459769999,1637.006994114,4142.194585905001,3055.7969898809997
412.4357425399998,1641.549847958,4153.716735528001,3064.3212183149994
416.55535865200005,1645.802436248,4165.393623255,3073.061398447
413.906485359,1650.286751705,4176.203001031,3081.4179919709995
413.9641809369999,1654.6751533640002,4187.803391988,3089.713707229
417.1437387039998,1659.311198177,4198.925013201,3097.999059937
421.0730827480001,1663.91344916,4210.372910403,3106.222592124
418.336195006,1668.261200161,4221.961918772,3114.898377055
418.50922444099984,1672.864123135,4233.254014242,3123.2036881
421.88891050599983,1677.326500649,4244.432375993,3131.847083993
425.54691358700006,1681.9650867060002,4255.3570661250005,3140.585722175
422.882398007,1686.1337403200002,4266.639922251001,3148.5045501500003
423.0339152479999,1690.7045602330002,4278.087212490001,3156.8652262120004
426.25787031299984,1695.200143698,4289.28439288,3164.7939929970003
430.0692073690001,1699.711908594,4300.389810846,3172.933850617
427.306278712,1704.054207951,4311.786409962,3181.382784587
427.75113999599984,1708.256786827,4323.224259296,3189.517354746
431.1137431689999,1712.502311823,4334.590381711,3197.640094097
434.6318378420001,1716.997382705,4345.526575191,3206.470839359
431.780857243,1721.307166289,4356.650771854,3214.782847742
432.17362551199983,1726.109672015,4367.944758932,3223.082131386
435.8275246359999,1730.566798029,4378.92679127,3231.418168459
439.2939738880001,1735.122340751,4390.381012469999,3239.80635127
436.32363572,1739.7851656419998,4401.814501106999,3248.305341462
436.9060883479999,1744.2064099999998,4413.101614804999,3256.778199816
440.5379506109999,1748.720337568,4424.026590046999,3265.041208323
443.9455193170001,1752.9291127949998,4435.118725111,3273.357375305
440.913193646,1757.486365674,4446.460156802,3281.422936004
441.39781244399984,1761.8603262279998,4457.796208242,3289.738201988
445.2855991569999,1766.6550254319998,4469.477423101,3298.0876654809995
448.4902471230001,1771.1844121629997,4481.196622453,3306.833915566
445.499601552,1776.0405482939998,4492.091440647,3315.500824876
445.7872639309998,1780.5333143709995,4503.112788925,3323.705947201
449.6575160479999,1784.9841812749996,4514.739527295,3332.2296199349994
452.9314245300001,1789.3898078509997,4526.19891461,3340.8001085559995
449.890208149,1793.7388721899997,4537.748076638,3349.491760967
450.39976726799983,1798.1609465889996,4548.910970434999,3357.961414662
454.2494741849999,1802.572107503,4560.519601132999,3366.023528872
457.66808486400015,1807.152943347,4571.957901785999,3374.048536261
454.497451716,1811.371984881,4583.436762629999,3382.54213453
454.95827339399983,1815.710637482,4594.653850459999,3390.940913892
458.5660031259999,1819.9436488539995,4606.037821915,3399.181852863
462.13071681900016,1824.2832655269997,4617.360906289,3407.545776528
459.060822946,1828.9834652719996,4628.664511506,3416.147934797
459.7134873889999,1833.4978736499995,4640.116969031,3424.840662578
463.2965335389999,1838.1377784159995,4651.349488641,3433.234481178
466.31083170800014,1842.7625962069997,4663.09156527,3441.695880467
463.779277481,1846.9688806109996,4674.560681429,3450.312187369
464.24427995599984,1851.6069263229992,4686.069753354999,3458.97754297
467.7609215279999,1855.9306008569995,4697.113079304999,3467.17003329
470.88625735800014,1860.2730546039995,4708.670522162999,3475.275468025
468.2459394389999,1864.9841257419996,4720.312612403999,3483.56650317
468.40108477599983,1869.3334946999996,4731.408710554999,3491.833990838
472.0714527459999,1874.0367975699996,4742.533971818999,3500.248634176
475.19860390400015,1878.4230163269997,4753.271971732999,3508.451251513
472.9433829139999,1882.7536982259996,4764.939919889999,3517.128597619
473.0820472439999,1887.3082908279996,4776.344609995999,3525.865506307
476.6714904179999,1891.6953808229996,4787.887885552999,3534.611400593
479.56337307200016,1895.9668916129997,4799.338713556999,3542.957812095
477.4171748669999,1900.4676181679995,4810.909812876999,3551.318512978
477.6573182429999,1904.8962709469995,4822.289854759999,3559.304218462
481.1939573619998,1909.3164785589995,4833.566425824999,3567.652625041
483.93307826800014,1913.9096327939997,4845.089420455999,3575.981762788
481.8656034389999,1918.4988090689997,4856.463345170999,3584.646430826
482.26221361499984,1923.1682462419997,4868.389752022998,3593.010620936
485.90730707499984,1927.4821672979997,4879.612762448998,3601.426499634
488.31780966900016,1931.7340800039997,4890.732034727998,3609.90150537
486.277578845,1936.3236499439995,4901.886775696999,3618.509116073
486.4790505679998,1940.8255491549996,4913.015224407998,3626.773654465
490.4586001779998,1945.1145304639997,4923.937200958998,3635.369949637
492.84719190400017,1949.517599022,4935.241438033998,3643.817594101
490.6387792769999,1954.1265223709995,4946.570345207998,3652.422470528
491.09923928599983,1958.6675000879995,4958.201913757998,3660.8672093259993
494.8139217579998,1963.3629702319995,4969.183915424998,3669.081930544999
497.4614722200002,1967.848060452,4980.250044064998,3677.3943664979993
494.9243416899999,1972.4262423699995,4991.544149493999,3685.903641242999
495.60270524199984,1976.916083971,5003.004720367999,3694.2501328059993
499.4215476079998,1981.081104065,5014.234248375999,3702.898006821
501.9849217630002,1985.820116109,5026.175081258999,3711.150048006
499.5203426739999,1990.386390467,5037.628543710999,3719.867468328
500.1805621309998,1995.025340626,5049.267027156999,3728.094041474
503.5781490769998,1999.436998303,5060.850175877999,3736.498273305
506.5772761930002,2003.963323733,5072.071172871999,3745.061151156
504.3897690489999,2008.498782108,5083.120198720999,3753.084865519
504.5592825269998,2012.767596778,5094.643167784999,3761.461766191
508.08164819599983,2017.405056739,5105.917260150999,3769.711888094
511.1859761480002,2021.987746783,5117.643777351999,3777.839971986
508.8416522159999,2026.353558397,5128.803412818999,3786.295827818
509.1896520299998,2030.834732293,5140.050180238,3795.132249342
512.4751287049999,2035.09939515,5151.491697177999,3803.319655823
516.0289066760002,2039.712576523,5163.034047505,3812.055024478
513.3719593469999,2044.424234368,5174.317715282999,3820.354157707
513.5497490329998,2048.850979501,5185.561559106999,3828.666708972
516.8849634479999,2053.49158666,5196.756365797999,3836.836195256
520.5638607400002,2058.110047558,5208.392540769999,3845.006209486
517.8697694169999,2062.726433333,5219.900305131999,3852.9540505189993
517.6430654839997,2067.053714124,5230.835061246999,3861.262839028999
521.2581672919999,2071.557506762,5242.273780645998,3869.817724179999
525.4048487280003,2076.07490593,5253.949367041998,3878.103368821999
522.294801403,2080.506491501,5265.159312089998,3886.768391829999
522.2798986649998,2084.730441756,5276.953865673998,3894.980482820999
525.657884453,2089.031252939,5288.175778722998,3903.144335857999
530.1175263550002,2093.597346564,5299.857165553998,3911.608463230999
527.053582108,2097.946524767,5311.128879835998,3920.031888896999
526.9036041209998,2102.610735456,5323.016602601998,3928.108884124
529.932006606,2107.283823325,5334.076121315998,3935.815376701
534.5785865080002,2112.047027233,5345.383193270997,3944.365120161
531.885175043,2116.388982306,5356.5390169819975,3952.869915862
531.3992684299998,2120.599998377,5367.823742315997,3961.217492224
534.61414615,2125.355115418,5378.992038337997,3969.732749768
539.0941503880001,2129.58024493,5390.294020776997,3978.114556813
536.252607073,2133.974071882,5401.233700953997,3986.263120694
535.6999872459998,2138.308301431,5412.740333985997,3994.381913251
539.09081377,2142.847270873,5423.862117844997,4002.36462214
543.4625368540001,2147.2545005350003,5434.667327649997,4010.980439008
540.6748404770001,2151.918572714,5446.824523245997,4019.153922862
540.3411848239997,2156.2933614030003,5458.561209924997,4027.470779201
543.5904594179999,2160.6565693630005,5470.292489470997,4035.792567047
547.870849656,2165.3901335100004,5481.195407660996,4044.099759695
545.2357987340001,2169.635109868,5492.727030553996,4052.244189221
544.9518757499997,2173.908362637,5504.099241996996,4061.028471356
548.0907248839999,2178.593088031,5515.338460659997,4069.156803771
552.3749652270001,2182.849488394,5526.790548885997,4077.228220402
549.6478997600001,2187.375135741,5538.559513469997,4085.740841655
549.3432629289997,2191.825068463,5550.072156621997,4094.474325467
552.5387865139999,2196.3811454630004,5561.363056887997,4102.829529795
556.7750825250001,2200.774236169,5572.454004933998,4111.220312957
553.7636024530001,2205.420994521,5584.066924334998,4119.352693196
553.9048662449997,2210.078464105,5595.626176837997,4127.765519365999
556.9252561139999,2214.490447426,5606.689814070997,4136.103345488999
561.4240207310002,2218.984864088,5618.500893223997,4144.243150314
558.4030132390001,2223.402011772,5629.896606408997,4152.429334375
558.3914615189997,2227.842369776,5641.352558656998,4161.104361409
561.2763209279999,2232.285794466,5652.787732288998,4169.450757891
565.8359921760001,2236.873722091,5664.098852848998,4177.567733838
562.6819533820001,2241.322284447,5675.393392637998,4186.004260736
562.8410422229997,2245.5828675709995,5686.941130649998,4194.459115358
565.7586078699999,2250.1026748609997,5697.899556104998,4202.975263417001
570.3951718550001,2254.8960785409995,5709.222602971998,4211.430065449001
567.2628077720001,2259.6587513859995,5720.735351200998,4219.981889486001
567.2317385779997,2264.0233247989995,5731.438073525997,4228.274210176001
570.4592277139999,2268.396377372,5742.3280703289975,4236.610937918002
575.085676851,2272.731029718,5753.914301351998,4244.956414571002
571.7286352390001,2277.306401394,5765.462253212998,4253.360815048002
571.8001901419998,2281.661138916,5777.071374029998,4261.870490754002
574.9451784029999,2286.374688637,5788.662772034998,4270.412717539002
579.6366680570001,2290.670706499,5800.351311757998,4278.616438014003
575.9989049740002,2295.095303632,5811.376912086997,4286.734519015003
576.3767829819998,2299.6408657690004,5823.094660855997,4295.158825011003
579.3409338009999,2303.911582131,5834.148135154997,4303.718321812003
584.2911214520001,2308.5839141650004,5845.567595568998,4312.134768034002
580.6946458700002,2313.2154664930003,5857.027475793998,4320.371875009002
580.8118541979998,2317.4684710320003,5868.189567726998,4328.848619264002
583.9983989539999,2322.1183107730003,5878.923879972997,4337.375956422002
588.7658355500001,2326.7695317320004,5889.842883913997,4345.704479278002
585.1581126000002,2331.2441801030004,5901.279868368997,4354.056611120001
585.2725413009998,2335.9432593730003,5912.886071029997,4362.249517082001
588.5747530249998,2340.4808719330003,5924.438653012997,4370.950635072001
593.3506271820002,2345.171472836,5935.274239781997,4379.1200959940015
589.8424286040002,2349.617006102,5946.579344500997,4387.486098107001
589.8316458599999,2354.227421389,5957.939720281996,4395.703979046001
593.2364519989999,2358.543158871,5969.284981562996,4404.232235518001
597.7426098880002,2363.143080645,5980.524643975996,4412.731815409002
594.4926020760003,2367.715529798,5992.162100766996,4420.9395700720015
594.3594661809999,2372.28518469,6003.195626676996,4429.548704510002
597.9247054749999,2376.795351952,6014.316517500995,4437.976963950002
602.2036085260002,2381.070324401,6025.717411249995,4446.381857281001
599.0383428810003,2385.736657021,6037.189016114995,4454.595960458001
598.82545374,2390.346816493,6048.383761375995,4463.309798016001
602.3985658709998,2394.6959647359995,6059.856475337995,4471.752328692001
606.6880965980001,2399.1933562619997,6071.243482062995,4480.319315675001
603.5133398460002,2403.601650824999,6082.713575257995,4488.873240357001
603.3097870229999,2408.151083592999,6094.391661122995,4497.039220431001
606.9986537329999,2412.380555958999,6105.597519650995,4505.498561235001
611.0066634770001,2417.008223723999,6116.958026985995,4514.078145350001
607.8021957710002,2421.325565316999,6128.381894062995,4522.5375671440015
607.5396935139999,2425.796507087999,6139.835629183996,4531.107203548002
611.2003331549998,2430.219082521999,6151.161073501996,4539.398823912002
615.861998135,2434.552835463999,6162.089510929995,4547.964193697002
612.0461452460003,2439.005229846999,6173.408292329996,4556.157981453002
611.9778696079999,2443.459012513999,6184.400135941995,4564.6142896790025
615.5490785079999,2447.9263643719987,6195.421818984995,4573.249192437002
620.255282282,2452.3959787419985,6206.498302544996,4581.971380968002
616.2158466650003,2456.8333065739985,6217.474610313996,4590.721440307002
616.3122500809999,2461.4148257489983,6228.900870784996,4598.683990010002
620.2224497959999,2466.0648325339985,6240.303365194996,4607.334935519002
624.443435924,2470.8411024819984,6251.766845305996,4615.973787585002
620.5270767270003,2475.5059695719983,6262.954546765996,4624.165285975002
620.5376008549999,2480.009098987998,6274.471063293996,4632.302251585002
624.6900813239998,2484.6484535219984,6285.508064349996,4640.645737643002
628.918636834,2489.1818300549985,6297.185631775996,4649.186959857002
624.9139040470003,2493.7206187919983,6308.524353614996,4657.929735190002
624.942594518,2498.0335007489984,6320.130657960995,4665.895128709002
629.1230884209998,2502.4831022299986,6332.149244537995,4674.363798345003
633.5480424990001,2507.2139534009984,6343.955472985996,4682.535395153002
629.4727464770003,2511.7126788759983,6355.179649253995,4690.7463923680025
629.687901479,2516.001861795998,6366.730548125996,4699.2129494300025
633.6706939649998,2520.388182280998,6377.773491562995,4707.711716211003
637.8286786460001,2524.7186488579982,6389.853015971996,4715.7596510500025
633.9969360420004,2529.353029601998,6401.030910110996,4724.220076925002
634.228153015,2533.827757025998,6411.806717954996,4732.351435892002
638.0702539999999,2538.5210961659977,6423.124352168996,4741.003576874002
642.3316543100001,2542.938478840998,6434.688506909995,4749.148920309001
638.8856124970004,2547.222868788998,6446.273929980996,4757.640606439001
638.7406274159999,2551.9676133679977,6457.453158731995,4765.989491253001
642.4504921859999,2556.307121912998,6468.687166454995,4774.356183893001
647.031330751,2560.847667007998,6479.744503044995,4783.070623345001
643.2982013820003,2565.461059276998,6491.171723617996,4791.491928316001
643.1455441999999,2569.727627019998,6502.456837107996,4800.080792051001
647.0595289709998,2574.329415164998,6513.648371445996,4808.658272635001
651.260184069,2578.788018177998,6525.463336465996,4817.1021038730005
647.9876489900004,2583.1922493599977,6537.125229061996,4825.82351024
647.4703467069999,2587.670725495998,6548.235952930996,4834.405785529
651.4975985229999,2592.216761602998,6560.165771455996,4842.679646663
655.640533697,2596.8590986829977,6571.560387388996,4851.128266168001
652.4131060170004,2601.042640342998,6583.153604853996,4859.347410409001
651.8724046339998,2605.6884122519978,6594.397204396995,4867.293585079001
656.0432585909998,2610.167559923998,6605.931578500995,4876.126263020001
660.3479279210001,2614.765053723998,6617.390556271995,4884.455036259001
656.9738334770003,2619.1965977379978,6629.141479635995,4892.917273738
656.1329973299999,2623.3379910349977,6640.205567156995,4901.354581714
660.3759502239998,2627.945629401998,6651.591482777995,4909.732829767
664.86857636,2632.468311581998,6663.025457898995,4918.160868355
661.3068352310003,2637.070082949998,6674.343486882995,4926.674437783
660.7839634859998,2641.612158574998,6685.249169916995,4934.8642754210005
664.8202082109998,2646.2400899359977,6696.487183211995,4943.372230859
669.349915408,2651.068622084997,6708.016621647996,4951.758975549001
665.7881315500002,2655.299374602997,6719.238383494996,4960.041423097001
665.4815401689998,2659.7708790499973,6730.186054843996,4968.265748401001
669.4230115469998,2664.0235885609973,6741.958349922997,4976.423212314001
673.617350138,2668.359768416997,6753.175951590996,4984.761881958001
670.0860388600003,2672.702753316997,6764.869358758996,4993.218510832001
669.7618007279998,2677.042466003997,6776.338696072996,5001.469558144001
674.1960200469997,2681.288315144997,6787.855645486996,5010.031355065001
677.771464953,2685.986464519997,6798.650823830996,5018.3619634530005
674.2390861080003,2690.589285579997,6809.580350608996,5026.473379809
674.3174253239998,2695.068264029997,6820.854099492996,5034.641049511
678.5560836009997,2699.725153100997,6831.881069654996,5042.999634648
682.401302796,2704.2782693399968,6843.612577753996,5051.778291568
678.7737478560002,2708.926844176997,6854.521801674997,5060.233021389
678.8111885339998,2713.603426053997,6866.028730391997,5068.496969692
683.2246008069998,2717.9753115869967,6877.610963245997,5077.131014801
686.986106823,2722.4943974729968,6888.808669936997,5085.668613917
682.9692070740002,2726.8912620279966,6900.428798977997,5094.100346984
683.1900233269998,2731.2564015979965,6911.800980224997,5102.408419532
687.7824917539998,2735.8377143159964,6922.7272637319975,5110.407746422
691.406285339,2740.4031250429966,6933.777591007997,5118.413933318
687.5790382810002,2744.5545420359967,6945.623385377997,5126.931911931
687.6427037839999,2749.0029076669966,6957.360852763997,5135.139966673
692.2156643589998,2753.648675851997,6968.862178385997,5143.426148827
695.8354270359999,2758.0567997419967,6980.493506461997,5151.627778161001
692.1877925210002,2762.2445106959967,6991.127305572997,5159.917184169
692.1605125639999,2766.483848197997,7002.222825542997,5168.112833623
696.6235127099998,2770.869734493997,7013.285171081997,5176.375473426
700.419848151,2775.489215075997,7024.396437797996,5184.868297883
696.6687273920003,2780.116500379997,7035.7687837199965,5193.191915855
696.7047527899999,2784.588120009997,7047.038887445997,5201.761202014
701.1318574659998,2789.202743363997,7057.9148084149965,5210.106545848
704.880085448,2793.6831059209967,7069.042820667996,5218.41270685
701.1336508310003,2798.0443426769966,7080.847927206996,5226.615701091
701.3236458109999,2802.449245667997,7092.122014464996,5234.805013247
705.6184947079998,2806.854289978997,7103.202579774996,5242.933664291
709.455299672,2811.6280162829967,7114.369726436996,5251.605346884
705.6343423840003,2816.3548984959966,7125.733526127996,5259.931086207
705.8385229609999,2821.0139363059966,7137.161020578996,5268.055063508
710.1744666759998,2825.4975392609967,7148.996528437996,5276.350865046
713.963293745,2829.805065550997,7160.146313598996,5284.631322807
709.9433067870003,2834.444458233997,7171.5288998359965,5293.1039618760005
710.4395418529998,2838.729783132997,7183.137670838996,5301.756875066
714.5240872029998,2843.082412315997,7194.892315175996,5309.92461281
718.414345467,2847.665464124997,7206.809186554997,5318.024212174
714.7378878450003,2852.347804964997,7218.096036203997,5326.2497346420005
714.9934464579998,2857.019361416997,7229.3896348539965,5334.662379205
718.8793780289998,2861.653738833997,7240.848653804996,5343.055918759001
722.6752348,2866.393893515997,7252.195681792997,5351.52638198
719.1895544530003,2871.093660056997,7263.799880655997,5359.916433734
719.5073950199998,2875.597447387997,7274.848859456997,5368.208876354
723.3309700349998,2880.0473939819967,7286.449762263997,5376.73307383
727.177076728,2884.6661468929965,7297.901215250998,5384.858058287
723.8132491100002,2888.9839611759967,7309.393600441997,5393.292382774
723.7953597629997,2893.5633646679967,7320.436500887998,5402.004363454
727.9377553319998,2898.0829635589967,7332.194756954997,5410.388336377
731.7535983839999,2902.548586247997,7343.586186503998,5418.712873268
728.2801377820002,2906.951792835997,7354.900187321998,5427.025457971
728.4227207369997,2911.695065058997,7366.245106430998,5435.444092578
732.4708706109998,2916.351345699997,7377.282725666998,5443.8344304
736.2927250989999,2921.146893494997,7388.647357026998,5452.157941525
732.8282857570002,2925.4780347069973,7400.375469495998,5460.435029788
733.2757835239997,2929.9184624669974,7411.891926142998,5468.949399843
736.6784617369998,2934.522518730997,7423.491037172998,5477.161070888
740.7867193769998,2939.0136578629977,7434.509823975998,5485.435906616
737.3323886760003,2943.208786609998,7445.933884518999,5493.736858273999
737.6327253949997,2947.6704482529976,7456.950480863999,5502.131183134999
741.2988923509998,2951.9828691189978,7468.200882971999,5510.210176553
745.4275431219999,2956.435612660998,7479.1821949159985,5518.407274155999
741.7632091070003,2961.287055858998,7490.7321477139985,5526.663466317
742.3921206439998,2965.762432213998,7502.627138885999,5535.459078661
745.6853974239998,2969.970859010998,7513.527560284999,5543.794634399999
749.6631145779999,2974.441192601998,7524.951832468999,5551.930744062
746.2323085880003,2978.863970677998,7536.247232974999,5560.46459007
746.6252385899998,2983.3410243979984,7547.783087090999,5568.978855867
750.3368276029998,2987.692811286998,7559.124490970999,5577.642598322
754.5236532729998,2992.340203893998,7570.208468481,5585.761720343
750.7999819970003,2996.907985146998,7581.260888717999,5594.336278553
751.3803125889998,3001.4692141169976,7592.684174886,5602.840091141999
754.4454681919998,3005.908326871998,7604.070005955,5611.003092028
758.9728989789999,3010.3799040889976,7615.147137979,5618.925098162
755.4629933780003,3014.9001303489977,7626.460551286,5627.12418772
755.8550953639998,3019.359904395997,7637.490621525,5635.677951929
758.9592010129998,3023.9882922629977,7649.286361301,5643.758080143
763.3260109219999,3028.2701972029977,7660.367194003001,5652.2540399380005
759.8645988170003,3032.753166577997,7671.597232886001,5660.57129161
760.0540999099998,3037.6199165599974,7683.209950013001,5669.046464103
763.7369959429998,3042.2109199709976,7694.546296989,5677.407005666
767.575107187,3046.9535443309974,7706.323229201001,5685.571539818
764.3694129270003,3051.374816909997,7717.951513636,5693.890156736
764.6359848639997,3055.902507501997,7729.237628497,5702.615802309
768.1885476979998,3060.2372200379973,7740.595327498,5710.699003951
772.0864839359999,3064.7278733599974,7751.40808161,5718.815240293
768.9418960950003,3069.0738552189973,7762.432623340001,5727.332647971
769.2135767289998,3073.546900350997,7773.398849391001,5735.780141068
772.5777819759998,3078.022231792997,7784.995831208001,5744.353018228
776.5658581109999,3082.1987387449976,7796.030974708001,5752.826003191
773.4305506770003,3086.6098712359976,7807.098878052001,5761.176941846001
773.8403243639998,3090.932252214998,7818.506134699001,5769.581903440001
776.8597922899997,3095.7919788409977,7830.1922708910015,5777.935820585001
780.9466336459999,3100.6096161879977,7841.485779816002,5786.311957469001
777.8968075200003,3104.986369940997,7852.582705195002,5794.742728392001
778.1816052589998,3109.516677073997,7863.7130628720015,5802.995403789
781.5321239689997,3114.275237995997,7874.818397603001,5811.270015784
785.5968161959998,3119.0012879479973,7886.068290697001,5819.611619518
782.7276517530003,3123.4404209729973,7897.385711705001,5827.898411712
782.6546135949998,3127.8555995429974,7908.532595769001,5836.259142314
785.9443892149997,3132.3877380209974,7919.579995691001,5844.470142418
790.1235796539999,3136.9321274349973,7931.096754587002,5852.557735188
787.1502261210003,3141.390527349997,7942.443982990002,5860.720343943
787.2613499029998,3145.8050079289974,7953.828880583002,5869.27294743
790.2167241119996,3150.1508530219976,7965.088849746002,5877.410811279
794.5525770679999,3154.858482161997,7976.743236504002,5885.442006379
791.7270252730003,3159.500649375997,7987.570488688002,5894.001093887
791.5246903319998,3163.829520951997,7999.311107046002,5902.335216955
794.5783164149996,3168.4560749499974,8010.423735712002,5910.728679413
799.0752681079999,3173.0249324709976,8021.590350907002,5919.160795207
796.4083192700003,3177.3598284769973,8032.883662857002,5927.131148982
795.8570226849997,3182.047645938997,8044.221356844003,5935.720614921
798.9702155649995,3186.919973624997,8055.691361242003,5944.114197229999
803.236021405,3191.2654596269977,8066.638954201003,5952.277015164999
801.2761594240003,3195.5781845249976,8078.375794308003,5960.930828463
800.1641550839997,3200.0125895929978,8089.958488636003,5969.37168614
803.4008129919995,3204.5497461459977,8101.376772106002,5977.82765391
807.565512189,3208.8779140549977,8112.590212014002,5986.193097177999
805.7168850980003,3213.359324405997,8123.6143445920015,5994.596863065999
804.9292024819997,3218.076516937997,8134.650904153002,6002.831520101999
807.8086093799994,3222.9032885229976,8146.167123547001,6011.025402622999
812.2072499789999,3227.341486356998,8156.875764564002,6019.582373448999
810.2515243960003,3231.977618457998,8168.279858487002,6027.947984508999
809.7342104089997,3236.474032123998,8179.210602889001,6036.620948024999
812.2736821429994,3240.9184938739977,8190.537500764001,6045.007477408999
816.7510713979999,3245.6450547449977,8202.077501079002,6053.486481650999
814.4991599260003,3250.2108496899978,8213.921139196002,6061.918779319999
814.2586654419997,3254.7050578839976,8225.312489450002,6070.042152591999
816.9146632009994,3259.367436249998,8236.473595710002,6078.759847569999
821.0793579839999,3263.680736487998,8248.152082965002,6087.106848495999
819.2580058730003,3268.536531806998,8259.788136563002,6095.318630976999
818.8978728309997,3273.148258289998,8270.915827435001,6103.572655732999
821.4648701849994,3277.831781633998,8282.274561808,6111.895974115999
825.6503572799999,3282.1099705519982,8293.710619783,6120.166731494999
823.8104429550003,3286.865215245998,8304.788450353999,6128.560289761999
823.7849494549997,3291.333314354998,8316.338352490999,6137.020041960999
825.9545574619995,3295.803724377998,8327.78444072,6145.530692625999
830.1173077239998,3300.327773556998,8339.169605366998,6153.877196051999
828.4824507550003,3304.824285626998,8350.647186402999,6162.179047614999
828.0089718959997,3309.2543427839983,8362.620380719,6170.587559528999
829.9888208589995,3313.6474180399982,8373.806361189,6178.897751211999
834.4696961479998,3318.349473888998,8385.441281452,6187.485604082999
833.1779518780003,3322.928189372998,8397.314098586001,6195.826172984999
832.2683934639997,3327.323647375998,8408.963564477,6204.355256972
834.4318715799994,3331.7167683609982,8420.273560972,6212.808412883
838.7660285269998,3336.285326919998,8431.342262368,6221.469291295
837.7306227950003,3340.6323042589984,8442.534824701,6230.145519625999
836.5886304159997,3345.1846727339985,8454.209359529,6238.755762198
838.8579710559994,3349.5341394689985,8465.267159734001,6247.375806777
843.1377044929998,3353.8863551219983,8476.338126769002,6255.691949057999
842.1997770940003,3358.3164940309985,8487.483044144003,6264.012554001999
841.2235500259997,3362.6704389019983,8498.600543231003,6272.354079141999
843.4616447949994,3367.277559096998,8509.918941649003,6280.916135801999
847.6367443389997,3371.7380314859984,8521.175954428003,6289.329521409999
846.9616880230003,3376.1772296519985,8532.687324063003,6297.628426625999
845.5246325919996,3380.7445047919987,8544.081872975003,6305.962427039999
847.9847816059994,3385.1252962689987,8555.042609921004,6314.413489813999
851.9869761729998,3389.5370338829985,8566.633669656003,6323.007270785999
851.3704074040003,3394.0925991979984,8577.495061848003,6331.126690874999
850.1225275189996,3398.5070922029986,8588.610617688004,6339.323122188999
852.5732905199994,3403.0610504179986,8600.314182513004,6347.475906825
856.1511693629998,3407.4408560549987,8611.779792888005,6355.601433893
856.0404255460003,3412.016682921999,8622.695342453004,6364.029003905
854.6190981589996,3416.2996847259988,8633.517579250003,6372.366958711
856.9951418119995,3421.137235424999,8645.602925227004,6380.436346252
860.8703355539998,3425.7564832699986,8656.912428851003,6388.331103703999
860.7439388230002,3430.1716906949987,8667.502387779003,6396.799006241999
859.3881084999996,3434.7489744929985,8679.314316302003,6405.235677346999
861.6730624829995,3439.3812122979984,8691.071160731002,6413.730159211999
865.1503917269998,3443.8554455899985,8702.498816297002,6422.351228371999
865.3236728220003,3448.5914765099983,8713.717669443002,6430.540966223
863.7542934179996,3453.174490080998,8725.110758456001,6438.817804824
866.0134251339995,3457.958206435998,8736.950669675001,6447.160353481
869.7285655289999,3462.491344164998,8748.534894807,6455.944973545
869.8926596530002,3466.9455628509977,8759.889357434,6464.183913652
868.3446494509997,3471.447384987998,8770.947619175,6472.660400064
870.3594063939995,3475.911233305998,8782.462766634,6480.781647696
874.0848816259999,3480.267343614998,8794.216012304,6489.269866871
874.2196027240002,3485.096839220998,8805.556795269,6497.690370846
872.9914631719996,3489.546003608998,8816.922909408,6506.026476154
875.0260435319996,3493.877327818998,8828.779903522,6514.48248529
878.3504449519999,3498.177037390998,8840.200383656,6522.663364937001
878.5402609060002,3502.443387976998,8851.838552586,6530.997920499
877.6015649259996,3507.190380138998,8862.926761104,6539.447740579
879.3467371519996,3511.636672187998,8874.073367019,6547.874486662
882.6099511899998,3515.9672925279983,8885.830338287,6556.206863984
882.9196409300002,3520.6445657909985,8897.11227123,6564.939319389
882.3451128649996,3525.0902869589986,8908.691574,6573.246923552
883.7956206409996,3529.761998067999,8920.110643711001,6581.738418836
887.3599038509998,3533.8407623749986,8931.451264085,6590.090441171
887.3929345150002,3538.2426645399987,8942.880651277,6598.684878455
886.8991621419996,3542.473551238999,8954.686821808,6607.321585792
888.4646625949996,3546.798447236999,8966.298962299,6615.480003930001
892.0853786529998,3551.327535114999,8977.987820318001,6623.922135138001
892.0563212020002,3555.914281875999,8989.000544133001,6632.0926628100015
891.4059883509996,3560.292133285999,9000.660149296002,6640.534644530001
892.5782987729996,3564.8455106379997,9011.818597942,6649.100116114001
896.6525258709997,3569.246495678999,9023.454543492002,6657.566256739001
896.5963018150002,3573.713160234999,9035.040878719004,6666.302422907001
895.7543038819996,3578.281508402999,9046.918961078003,6674.863461857
897.1581540179995,3582.896108372999,9058.232586298003,6683.33748792
901.2332058199996,3587.362586269999,9069.475633466003,6692.070139993
901.2843186920002,3591.982309865999,9080.855392514004,6700.297356360001
900.3845763109996,3596.610570106999,9092.766649103003,6708.734507015
901.8839699789996,3600.898324333999,9104.067547913002,6717.089535243001
905.7521727029996,3605.253361339999,9115.458038610002,6724.924287614001
905.7654341150002,3609.968644390999,9126.992022028002,6733.424870963001
904.8875775589996,3614.3992488589993,9138.090809539002,6741.766696383001
906.4682727289996,3618.858069209,9149.282660980003,6750.266430951001
910.4085218139998,3623.3349784789993,9160.606896890004,6758.541087212001
910.1079310470002,3628.207792707,9172.374806139003,6766.723559137001
909.0609748109996,3632.554571717,9183.607502346003,6775.541455658001
911.0248483939996,3637.0649608139993,9195.174841718004,6784.071108475001
914.8552456869998,3641.5848603599993,9206.483981581005,6792.126780398001
914.5953186830002,3646.083579395999,9217.531067463004,6800.255293168001
913.5664264699996,3650.570089193999,9228.567977486004,6808.540420303001
915.4553856549996,3655.1577935679993,9239.679629141005,6816.932422688001
919.3021055989998,3659.6079557539992,9251.252923745003,6825.115552943001
919.2604631310002,3663.930688298999,9262.550474511005,6833.510865021
918.1450391409996,3668.230938437999,9273.771223198004,6841.649705952001
920.0628309229996,3672.842267762999,9285.005121774004,6849.854248335001
923.8197888549998,3677.3202632829993,9296.128442670004,6857.889107564001
923.612316349,3681.678112473999,9307.179924648004,6865.966843851002
922.7109918559996,3686.207959965999,9318.842173877005,6874.184397257001
924.5060921179996,3690.789556927999,9330.759881956004,6882.519001377002
928.369059012,3695.146223296999,9342.511008454005,6890.968660349002
928.2086196290002,3699.786006573999,9353.772590121003,6899.341676770002
927.1671249239996,3704.512193315999,9365.664251711005,6907.590161675002
928.6467542519996,3709.015711675999,9377.279454728005,6915.688177119002
933.0771478319998,3713.779447357999,9389.266033698004,6923.897459570002
932.6939352540002,3718.368823700999,9400.785570102003,6932.079581735002
931.6753346799997,3722.872076795999,9412.278735250004,6940.719287632001
933.1790606409996,3727.235188127999,9423.340016606004,6948.778884044002
937.2670351139998,3731.778321712999,9434.941197814003,6956.942177752002
937.3181539460002,3736.089183168999,9446.183236450004,6965.697482239002
936.0423616709996,3740.690631286999,9457.466901285004,6973.972782411002
937.7966920799996,3745.123839372999,9468.370325829004,6982.385098147002
941.9807143739998,3749.734778639999,9479.551056045004,6990.462283887002
942.0689578400002,3753.910901715999,9490.397490872005,6998.558987611002
940.4279696049996,3758.206069231999,9502.100456765003,7007.402981289001
942.2597459529997,3762.729946317999,9513.374667605003,7015.629296568001
946.495836352,3767.225223675999,9525.442700917003,7024.306528149002
946.735290811,3771.741918510999,9537.522934073006,7032.560204936001
945.1282295159996,3776.250564516999,9549.138070931003,7041.152726141001
946.8815448459997,3780.673123585999,9560.267302720003,7049.486494734001
951.098362448,3784.994852515999,9571.219943734006,7057.514678875001
951.1529058670002,3789.542663203999,9582.804256582003,7065.99274002
949.5677646269996,3794.048766388999,9593.818341014005,7074.399353271
951.4744732209996,3798.626686094999,9605.219322477004,7082.618610341
955.4149999489998,3803.322680752999,9616.876905573004,7091.027614407
955.4936505610002,3807.746204598999,9628.202784050003,7099.153392021
954.2466424839996,3812.133315338999,9639.666254447004,7107.491483432001
956.1011301679996,3816.576167884999,9650.583033979006,7116.178117587001
959.7946930999998,3821.045598616999,9661.663238233006,7124.698162765001
960.0778222960002,3825.613611319999,9672.203034283006,7133.425806630001
958.8580151009996,3830.048765101999,9683.610298055006,7141.950427022
960.7617930779996,3834.360930724999,9694.983632442008,7150.445248283
964.3672378309998,3838.810225682999,9705.874560798007,7158.752804892
964.5636570910002,3843.351985253999,9717.053418459009,7167.03362389
963.3110022649996,3847.620100447999,9727.869292852009,7175.339044906
965.1938001789996,3851.993044029999,9739.444423784009,7184.032943991
969.0554310379998,3856.4862505799993,9751.313267898007,7192.230839983
968.8504398100002,3861.055037123999,9762.495461940009,7200.771462554
967.6448777209996,3865.460716102,9773.845484046007,7208.943551542
969.7515239949996,3870.030969479,9784.965071084009,7217.2121378
973.457219358,3874.443344803,9796.361179218007,7225.603309923
973.1471500200004,3878.916944538,9807.397467551007,7234.215826815
972.2433594049996,3883.322377857,9819.236172095008,7242.724890613
974.1711938109996,3887.62690805,9830.588788396006,7251.012549483999
977.918914899,3892.272248983,9842.233783203006,7259.811028267999
977.7048729090004,3896.688210023,9853.487234192004,7267.908577402999
976.9893243079996,3901.264544254,9864.662807220006,7276.477505549999
978.4384571489996,3905.551467768,9876.126723980004,7285.089827133
982.308088962,3909.923438331,9887.361499083005,7293.6528658
982.2947083640004,3914.392189185001,9898.594585983004,7301.794006016
981.5833381889996,3918.929300101001,9909.922948050003,7310.488419987
982.6782309389996,3923.6193159660006,9921.642092685006,7318.859855517
987.024634569,3928.3344412720007,9933.166210397008,7327.4199103
986.9138786810004,3933.003276603001,9944.574842846008,7335.941646286
985.8456512389996,3937.447020777001,9956.412931550009,7344.024661054
987.3019696459996,3941.971295967001,9967.437973118009,7352.327192465999
991.5114634929998,3946.3427793210008,9978.869690960008,7360.544215288
991.4719674330004,3950.8820200600007,9990.390049916008,7368.766337802
990.3312957979996,3955.485762797001,10001.291583208009,7377.198012067
991.7131947339996,3960.072373836001,10012.717193326009,7385.790519038999
996.013515679,3964.619953583001,10024.09667782501,7394.114964480999
996.1529637800004,3969.134364423001,10035.33832065101,7402.757789527999
994.8914513479996,3973.601947322001,10046.96381998401,7411.123036548999
996.1548240659996,3978.0807492490007,10058.57994840801,7419.777731699
1000.248184684,3982.5930601240007,10069.75522645901,7427.808853068
1000.6238637000002,3986.9861144410006,10081.396943546011,7435.975376492
999.6920559759994,3991.406791021001,10092.438332260012,7444.433571824999
1000.7346531589995,3995.866149981001,10103.881860799012,7452.955026977999
1004.600238675,4000.432439188,10115.210915694011,7461.218836010999
1005.1779200130004,4004.942317339001,10126.783529819011,7469.979060319999
1004.0740462459994,4009.6554594120007,10137.578837310011,7478.197654489999
1005.2203601789996,4014.029092108001,10148.942254178011,7486.472857439999
1009.1040445,4018.356353925001,10159.871950608012,7494.592691068999
1009.8428202080004,4022.6915871720007,10171.285486854013,7503.1998570199985
1008.3445963979996,4027.411872877001,10182.725677369011,7511.466414370999
1009.6971866169996,4031.904155489001,10194.169182525013,7519.933772155999
1013.8808434919998,4036.674879437001,10205.246052351013,7528.3372557369985
1014.2163471860002,4040.947063990001,10216.520946487011,7536.753856772999
1013.0076100199994,4045.702471986001,10228.139919559011,7545.033727736999
1014.3140175889996,4050.241027981001,10239.302797606011,7553.771014042999
1018.2710203009998,4055.014126045001,10250.302021402013,7562.287744532999
1018.7117516650002,4059.394078187001,10262.069382175012,7570.573761220999
1017.4349726969996,4064.228364230001,10273.449406165011,7578.5679090449985
1018.8987259029996,4068.692047053001,10284.446922965011,7586.697552204999
1022.5150388089996,4073.1188280380006,10296.144283588012,7594.772538376998
1023.3080084430002,4077.4274906700007,10307.891556032013,7603.366740856998
1021.8831852899996,4081.9532200490007,10319.30827461101,7611.880580073998
1023.4022418059996,4086.420676825001,10330.62261450701,7620.068375143998
1026.9764610399998,4090.8921879620007,10341.51307953701,7628.389357841998
1027.71105927,4095.319828444,10352.96576286101,7637.161354313998
1026.6438010099994,4099.787504773,10364.18727776601,7645.611940402999
1027.8260752439996,4104.1674154560005,10375.65121440201,7654.100266830998
1031.4700647279997,4108.489601598,10387.07219193501,7662.200529683998
1032.215808925,4112.8212074230005,10398.78196761901,7670.495971686998
1031.5301150699993,4117.114006314,10409.68427400901,7678.774753755998
1032.2517803329995,4121.570655971,10421.169230043011,7686.539749249998
1036.1882497259996,4125.909191186,10432.667877095011,7694.903761870998
1036.644180511,4130.44598049,10443.940778906011,7703.092631417998
1036.1005026619994,4134.939815215,10455.364340617012,7711.751108328998
1036.8501895779998,4139.48869537,10467.375304479012,7720.322810147998
1040.4094319669996,4144.199799065999,10478.313620237011,7728.565219559998
1041.080867336,4148.571033728999,10489.996421962012,7736.875732126998
1040.7192020479993,4153.211648238,10501.126403372013,7745.334818199998
1041.458689445,4157.578947219,10512.199361157012,7753.719769307998
1044.6219809189995,4162.020075957,10523.593691706012,7762.228227036998
1045.3120962,4166.608749786,10534.605852212013,7770.658515572998
1045.0618720119992,4170.827517234,10546.133356427012,7778.959415824998
1046.088842324,4175.387912818,10557.63309983801,7787.271937832998
1049.1651229779995,4179.903287802999,10569.06147558001,7795.611450877998
1050.057139348,4184.153807245999,10580.87628295801,7804.131505357998
1049.3856361829992,4188.306304115999,10592.46824996901,7812.482816309998
1050.5916942979998,4193.022568935999,10604.15760930901,7821.326908402998
1053.8018704149997,4197.465595592998,10615.44797997001,7829.581870669998
1054.56479439,4202.098186880999,10626.74990156701,7837.520746814998
1053.7535845709992,4206.704382730999,10638.216510155007,7845.735392011999
1055.2331846799998,4211.258479825999,10650.298102197008,7853.838422051998
1058.2500404799996,4215.718908182998,10662.259916524008,7862.350424920998
1058.8375545479998,4220.064963558998,10673.499281228009,7870.745888195998
1058.375489796999,4224.7620011519975,10684.666175736009,7878.933953188998
1059.7237190969995,4229.189043214998,10696.126027007009,7886.688909718998
1062.4981784019997,4233.777847084998,10707.53630046001,7895.305887214998
1063.3983310319998,4238.220867983998,10719.26199078101,7903.698061465998
1062.7064048949994,4242.628768782998,10730.91834422401,7912.244312637998
1064.0871205259998,4246.985521842998,10742.474598883013,7920.554971884998
1067.0419864929995,4251.468163827998,10754.178930014012,7928.928575271998
1067.9167569099998,4255.772182898998,10765.494638022012,7937.083496437998
1067.4136624189994,4260.044794947998,10776.910983190011,7945.381683904999
1068.548911858,4264.422110790998,10788.027416275012,7954.015880166999
1071.7257206909997,4269.133238253998,10798.785251452013,7962.423268720999
1072.2319420549998,4273.5858408159975,10809.815282487012,7970.940753476999
1072.0005915059994,4277.753039594997,10820.936153712011,7979.368934083999
1072.812488232,4282.154540687997,10831.892089127014,7987.990809005999
1076.1961627869996,4286.654584694997,10843.310122687011,7996.409547623999
1076.7387375699998,4290.923506661997,10854.634509892014,8004.934987683999
1076.4759493299994,4295.308729469997,10866.643832295014,8013.618637451998
1077.618884218,4299.975840410997,10878.196738389017,8021.902420852998
1080.8742802149995,4304.329266229997,10889.535092954016,8030.573386158998
1081.34387923,4308.755529789997,10900.339874864014,8038.711858945998
1081.0976724079994,4313.378339604998,10911.665527307014,8047.280425851998
1082.215045995,4317.748309458998,10923.019477233014,8055.835177396998
1085.2726006779994,4322.350830227998,10935.077070996014,8064.135130309998
1085.8994253229998,4326.950235195998,10946.641392647014,8072.321371574998
1085.2730101899997,4331.277301657999,10958.110354366014,8081.093410671998
1086.2950479969998,4335.517330728999,10969.247290712014,8089.903169618998
1089.8897030159994,4339.866254739999,10980.199648315014,8098.152166727998
1090.4521766659998,4344.462568089999,10991.506458579017,8106.213126540998
1089.5995639859996,4349.050028683999,11003.036866636015,8114.284697475998
1090.715574363,4353.492870585998,11014.385755850017,8122.893262090998
1094.5018235729997,4358.268428611998,11025.361745080016,8131.4874185009985
1094.8840221479998,4362.514071590998,11036.889995009016,8139.858470123999
1094.2829683679995,4366.861109913998,11048.993752172017,8148.123396705999
1095.312295931,4371.133631332998,11060.587560773016,8156.3544795359985
1099.1504707249994,4375.664603006999,11071.575832601016,8164.502580617998
1099.3163661769995,4380.056509641999,11083.106516132017,8172.994721853998
1098.9637375239995,4384.562243775999,11094.437047722016,8181.686954692998
1099.783579412,4388.865221109999,11105.654506320016,8189.769764233998
1103.6990252979997,4393.444020081999,11117.293527990016,8198.392289144998
1103.5048258059996,4397.818810035999,11128.781606832015,8207.003849169998
1103.6077511609994,4402.331418788999,11140.400035368017,8215.194707186998
1104.250290279,4406.756247140999,11151.687849967017,8223.443612235998
1108.0519091359995,4411.254486327999,11162.959734397014,8231.746961575998
1108.1175269169996,4415.841891054,11174.802747555015,8239.842936893998
1108.2641397749994,4420.434322720999,11186.502365991017,8248.065789553997
1108.759639158,4425.102719661999,11198.172983110017,8256.587238671997
1112.5459947109996,4429.290529327999,11209.571823796015,8264.658802777996
1112.5475807969997,4433.656107956999,11220.616744001016,8273.146646157997
1112.9088958149994,4438.087382739,11231.620438424015,8281.311397489997
1113.540368166,4442.655252215,11242.830738197015,8289.677135550997
1116.8262666199996,4447.207839309999,11254.354745955015,8297.744781809997
1116.8528760279996,4451.590037674999,11265.882504485016,8305.829320538996
1117.4163376719994,4455.999682505999,11277.353953280017,8314.179268238997
1118.181004927,4460.360524898999,11288.598974277014,8322.013271797998
1121.2839269589997,4464.929627669999,11299.829921989014,8330.546607193997
1121.3047176929997,4469.548194457999,11311.706395724012,8338.978111618997
1122.008833221999,4473.877451504999,11322.944566503013,8347.209584934997
1122.909906998,4478.203593052999,11333.822867585011,8355.636455510998
1125.9151542669997,4482.679295091999,11345.177160731011,8363.797077405998
1125.8480574949997,4487.229838781999,11356.922781071013,8371.998907052997
1126.4802127709993,4491.393602591999,11368.664510858012,8380.230607319998
1127.411512638,4495.777218011999,11379.591463634011,8388.741885615998
1130.6240819309996,4500.112864088999,11390.688736744012,8396.978475658998
1130.3881220509998,4504.881789241999,11402.332590697011,8405.727521733997
1130.7479874959993,4509.464080199999,11413.477009578011,8414.412743343997
1131.86826425,4513.729562535999,11424.627591624014,8422.831611709997
1135.2324575169996,4518.207432914999,11435.746759129011,8431.437845068996
1134.7105758099997,4522.707769266,11446.964636210014,8439.907890438997
1135.0984926209992,4527.122995471,11458.608841258014,8448.034743498996
1136.274040353,4531.672130995,11469.933121378011,8456.382615269997
1139.6891536989997,4536.093490644,11481.732496269013,8464.792272985997
1139.1563585149995,4540.695300792,11492.989906686013,8472.970793954997
1139.5966375549992,4545.193552793,11504.852678156012,8481.389183897998
1140.31890233,4549.940920603,11516.724573136013,8489.787436574998
1144.4281881749996,4554.374820929,11528.241241313011,8498.202332626997
1143.5889390949997,4559.081447146,11539.443340459013,8506.755476620998
1143.9018470549993,4563.642482778,11550.597755407012,8515.537178595998
1144.64037097,4568.253690792,11561.991747280012,8523.817713505998
1149.0379316929996,4572.839076911,11573.62274012501,8532.306884135998
1147.9313832109997,4577.294208927,11585.37772257301,8540.848491270997
1148.4033360199992,4581.740141284,11596.32587355101,8549.385087909997
1149.20695206,4586.006483611,11607.54332544001,8557.881475672997
1153.4405507239996,4590.42031057,11618.847070767011,8566.287561883997
1152.5301874269996,4594.855007701,11630.093633233011,8574.650871577996
1152.8121324569993,4599.402474654999,11641.995289304012,8582.838232079996
1153.711337095,4603.725262921999,11652.944692088013,8590.841715389995
1157.9137568579995,4607.933576621,11664.722282434012,8599.078899150996
1157.1632716319996,4612.323668041,11675.949695068011,8607.383602716996
1157.4344000429992,4616.953119294,11687.373473290012,8615.659041444997
1158.384705166,4621.208287312001,11698.788950713011,8624.257480901997
1162.4546736799998,4625.786065884001,11710.21734743001,8632.664134111998
1161.5316759539996,4630.305841824001,11721.706218665013,8641.090645023998
1162.1113941589992,4634.849269,11733.189304759013,8649.769513216997
1163.025461385,4639.392462035,11744.342572834012,8658.103474713997
1167.050966547,4644.127544262,11755.694698961011,8666.629158496997
1166.1279837309996,4648.695086534,11766.92195894801,8674.794128609998
1166.4982601449992,4653.252911179,11778.46370793501,8683.184113830997
1167.907478949,4657.510706187,11789.90277209801,8691.878236365998
1171.61320254,4661.967142147,11801.35651619601,8700.354042390998
1170.6085269759997,4666.34450463,11812.70782777101,8708.891288612998
1170.9487588779991,4670.767552427001,11823.81398356201,8717.136026113998
1172.252484309,4675.383622284001,11835.20798588801,8725.765707447998
1176.26006344,4679.991964066001,11846.34251687601,8733.841935704997
1175.1363752149996,4684.566587809001,11857.88906222301,8742.210318541996
1175.240823138999,4689.117581507001,11868.91134672001,8750.539385461996
1176.640279135,4693.658132284001,11880.24452335501,8758.866905441995
1180.714579189,4698.128316146001,11892.29382905701,8766.864826919995
1179.6652851949996,4702.784264810001,11903.943094879009,8775.166836786995
1179.5913221619992,4707.309221806001,11915.18277774201,8783.285022690996
1181.008599741,4711.705285765001,11927.01876292001,8791.914736556995
1184.998744127,4716.202873677001,11938.52722044301,8800.107429449996
1184.3302527999997,4720.849474194,11950.107589501007,8808.630855007996
1184.0417864639992,4725.218080837,11961.768349950007,8816.768341609995
1185.295546353,4729.83905528,11973.287614755009,8824.919465193996
1189.397285336,4734.209155062,11985.206696361009,8833.456810943997
1188.6873166009996,4738.694886468999,11996.81468421601,8841.567549381996
1188.7440102849991,4743.144676044999,12007.50324028101,8849.825748400996
1189.808091987,4747.640278686999,12019.004508299013,8857.921861357996
1193.964253752,4752.030985596,12030.52792619901,8866.614541660996
1193.0981707199996,4756.467377133999,12041.70851266301,8874.767787184996
1193.2400927799993,4760.860215178999,12053.11262160401,8883.282610256996
1194.314827598,4765.528458708,12064.21390734801,8891.437880200996
1198.463579705,4769.913051085,12075.15366240901,8900.175961888996
1197.6754039539996,4774.584544316,12086.82618226201,8908.352928609995
1198.0249554249992,4778.746091014,12098.07959889001,8917.029862433994
1198.907964378,4783.341392912,12109.43115478301,8925.280710784993
1203.114034002,4787.790367137,12120.52445468401,8933.327810121993
1202.2697183939997,4792.450650315,12131.99361810701,8941.752833722992
1202.480761667999,4797.004703066999,12143.75466663101,8950.092492555992
1203.281575947,4801.62480266,12155.31332652601,8958.276991859992
1207.777977799,4806.019087058,12166.26038108601,8966.666644071991
1206.6108387089996,4810.697329633,12177.826047727009,8975.389123964991
1206.7570545789993,4815.039630995,12189.43972151901,8983.89896616499
1207.892224086,4819.319192228,12200.34335981601,8992.45070696099
1211.977397859,4823.763836825,12211.63897615401,9000.706785076989
1211.1219567039996,4828.32580212,12223.198411927013,9009.254695383988
1211.2956906269992,4832.800476369,12234.37918920901,9017.727808877988
1212.4214722079998,4837.344240359,12246.214750350013,9025.789736353989
1216.631796936,4841.855606402,12257.431950738011,9034.042134890988
1215.7051074179997,4846.33804189,12269.086860109011,9042.482078708988
1215.8360824439992,4851.009938603,12280.541959955011,9051.114336695988
1216.7176725519998,4855.656120885,12292.004879265012,9059.845175692988
1221.13459936,4860.327107656,12303.475268098013,9068.134314429988
1220.2378951579997,4864.684274564,12314.915814233012,9076.142900164989
1220.2761534569993,4869.268855074,12325.558952219011,9084.380213292989
1220.833814619,4873.853127506,12337.017455758012,9092.815594857988
1225.608297462,4878.339307015,12348.637473133012,9101.286641626988
1224.8429036779996,4882.821376698999,12359.854866318012,9109.561440932988
1224.5730279929992,4887.548525083,12371.269069701011,9117.822405388988
1225.422877175,4891.987167507,12382.342096111011,9126.283455847988
1229.891648764,4896.295165404,12393.850799998012,9134.822531463988
1229.3476497919996,4900.501014636,12405.473344326012,9143.632026268988
1228.8756090769991,4904.712361938,12416.732025422012,9151.839312083988
1229.965231881,4909.053352453,12428.328143145012,9160.455720532987
1234.515179268,4913.487506576,12439.437806100012,9169.094878423988
1233.6495934879997,4917.89956046,12451.279566311012,9177.121565686988
1233.555311263999,4922.448059183999,12462.671921296012,9185.311440657988
1234.3976118199998,4926.939470975999,12473.965246656013,9193.779755544989
1239.110381246,4931.563839155999,12485.100803736012,9201.774491476988
1238.2903972979998,4936.080042247999,12496.637120885014,9210.269752451988
1238.198282401999,4940.679697224999,12508.074750918016,9218.561147073988
1238.6013612099998,4944.814337182998,12519.729165825014,9227.170646485987
1243.344300242,4949.346169294999,12530.902668032017,9235.699655874989
1242.7821032889997,4953.873630392998,12542.343719528017,9243.759439123987
1242.768925708999,4958.251974304998,12553.552378377017,9252.349505590988
1242.9379837969998,4962.746434106998,12565.228181478014,9260.704966360989
1247.891339549,4967.454122756998,12576.897069880017,9269.189168938989
1247.1517505009997,4972.020842129998,12588.102274859017,9277.597421624989
1247.230999492999,4976.602966410997,12599.729595260014,9286.10829248199
1247.3324508929998,4980.836316434998,12611.526215332016,9294.70666862199
1252.21622597,4985.0865815399975,12622.673301325014,9302.87886754299
1251.4962711389996,4989.084368987998,12634.206815097014,9311.20062968299
1251.803412471999,4993.630333314997,12645.434404705013,9319.294833650987
1251.860209374,4998.028193798998,12656.477294528013,9327.63962762299
1256.62094634,5002.392362774997,12668.028430687013,9336.36234147699
1255.9113532489996,5006.920316905997,12679.427404680013,9344.70362852399
1256.3180688329992,5011.236045740998,12690.668045368013,9352.66800069499
1256.4635430479998,5015.374105762998,12702.168383526014,9361.43562862499
1261.073657632,5019.5259232479975,12713.792713721014,9369.69605195699
1260.2037211919996,5024.137993771998,12725.200762914012,9378.13863274599
1260.825703769999,5028.890518028998,12736.213975389011,9386.52910275699
1260.9743899449998,5033.169786371997,12747.914787934013,9394.90066084599
1265.550088317,5037.534883662997,12758.969946186013,9403.553043101989
1264.8633703369997,5042.034295136998,12770.240288294011,9411.83701221799
1265.353880402999,5046.526284082997,12781.702812035011,9420.34767278499
1265.350033825,5051.031938971997,12793.232025120013,9428.72289616099
1270.365575783,5055.402356712997,12804.778848620012,9437.154104469992
1269.3746350929996,5059.7370142619975,12816.056640761011,9445.369531051992
1269.701922317999,5064.350131219998,12827.316374107011,9453.671140235992
1269.8193554599998,5069.004702410998,12838.811022420014,9461.839877765991
1274.918897013,5073.659994459998,12850.225694375014,9470.393043985992
1273.7313014789995,5078.362261607998,12862.170939302014,9478.732712366991
1274.3023414029992,5082.771868423998,12873.968422337011,9487.195031930993
1274.2578289149997,5087.200995248998,12885.369779152014,9495.298235082992
1279.43259554,5091.870817192998,12897.117779053013,9503.469357731994
1278.1886912059997,5096.563149069998,12907.950067837011,9511.660219580994
1279.0373278099992,5100.956362022998,12919.295428306012,9519.830565469994
1278.7519244829996,5105.573569844998,12931.163505665014,9528.429717455994
1283.857576748,5109.725767973998,12942.724246835014,9536.824512327994
1282.5989907989997,5114.246163620998,12954.060899255011,9545.261469989991
1283.441259381999,5118.856796651999,12965.466294679014,9553.955166479993
1283.5750904699996,5123.295720827999,12976.991303398014,9561.989069197993
1288.325513797,5127.948123702999,12988.588499344014,9570.391428646994
1287.0259850509997,5132.481471944999,12999.919408404014,9578.860640906994
1287.794689764999,5137.030423379999,13011.267148430014,9587.462438460994
1288.1519934219996,5141.533944512999,13022.472525106014,9595.483074307997
1292.59660848,5145.803981218998,13033.767607039012,9604.247512274997
1291.5129355429997,5150.421222063998,13045.581576135011,9612.505681774996
1292.195938908999,5155.056789380998,13056.951667203011,9620.972459993996
1292.8086587029995,5159.498071513998,13067.995261679012,9629.161360325996
1297.259172303,5163.807227526998,13078.829626317012,9637.610017998995
1295.8999669739994,5168.469654761998,13090.337489297011,9646.226137808995
1296.966735280999,5173.066241425998,13101.922159358011,9654.462447850996
1297.6265834469996,5177.560997491998,13113.283699642012,9662.923084183996
1301.857497204,5181.944890541998,13124.409508778012,9671.731729529996
1300.5877350029994,5186.659731126998,13136.391615859013,9679.921103858997
1301.392483140999,5190.945930311998,13147.17240964501,9688.559713255996
1302.1428750139996,5195.480877322999,13158.68894767201,9697.037158503996
1306.3467677810002,5200.203105028999,13169.81138395201,9705.404374739996
1305.1701192369994,5204.676250028999,13181.06607991501,9713.723472433996
1305.891828930999,5209.189725646998,13192.79525511201,9721.681083557996
1306.7055389339996,5213.581384990998,13204.295623980011,9730.027234531995
1310.7093392150002,5218.003748016999,13215.656554555011,9737.918608715996
1309.7084862479994,5222.452286154999,13227.20972158601,9746.422866582996
1310.494706552999,5227.137892958998,13238.67222032001,9754.466825799997
1310.9742127989996,5231.617849303998,13250.12292243401,9762.574544876996
1315.3358314330003,5236.014063927998,13261.15776577101,9770.996342406996
1314.3674924439997,5240.619786821998,13272.39270348101,9779.546842890995
1314.8488563049991,5245.257409539998,13284.073549264009,9787.894833596994
1315.2371072909996,5249.718629720997,13294.77810530501,9796.385345583994
1319.8078078310002,5254.046828513998,13306.18416674001,9804.705856984994
1318.8437702159997,5258.4240492129975,13317.55477171201,9813.071573920994
1319.628129963999,5263.022866831998,13329.25582113101,9821.400703208994
1319.5529650319995,5267.487906547998,13340.81316921001,9829.576944415994
1324.4580236550005,5272.032450653998,13352.86475825401,9837.705586506994
1323.2952884329995,5276.934369127998,13363.945789539011,9846.299058681994
1323.924999758999,5281.003573072998,13375.590051739013,9854.558120801994
1323.6860617089994,5285.607698750998,13386.914648963011,9863.339177365991
1328.9008784560003,5289.939183153998,13398.474241145012,9871.875424738992
1328.0550613699995,5294.285831646998,13409.649036926012,9880.224488198994
1328.429682648999,5298.563809072998,13420.857837023012,9888.784448990991
1328.1742746349994,5303.051775747998,13432.36563089201,9897.231881003992
1333.4078469900005,5307.517685888998,13443.908936152013,9905.332914164992
1332.3995483639994,5311.860368222998,13454.80360462101,9913.815114673993
1332.822682181999,5316.172191749998,13465.552686465013,9922.095041814991
1332.8678211269994,5320.724316655998,13476.505811572011,9930.331472478993
1338.1754068080004,5325.134382962999,13488.409013769013,9938.780497382992
1336.7198318949995,5329.774584570999,13499.38258951701,9947.409465419993
1337.276415665999,5334.335747347999,13510.407886146011,9955.609386956992
1337.5005275399994,5338.813396318999,13521.43321927301,9963.722635913991
1342.7939329890005,5343.539363714999,13533.83675310301,9971.873239978991
1341.0804020089995,5348.034543268999,13545.359354136011,9980.079103245993
1341.582092990999,5352.505748408999,13556.902711361012,9988.591755107993
1342.1167668519995,5356.758622234999,13568.298273345012,9997.027345609991
1347.4464916970005,5361.337538690999,13579.561179904013,10005.393202163994
1345.5174462579996,5365.647533815999,13590.829733386012,10013.783286809994
1345.995704449999,5370.107213419999,13601.997533086012,10021.910032190994
1346.5913330479996,5374.609859443998,13613.114418297013,10030.497852928993
1352.1235424300005,5379.150720240998,13624.607528512011,10039.141539211992
1349.9815349519995,5383.727010884999,13635.813044472014,10047.348745889993
1350.6129298259991,5388.158681595999,13647.274583370014,10055.870085704992
1351.1899670599996,5392.528886794999,13659.102878520014,10064.194506834994
1356.6001034900005,5396.990422221999,13670.418818491014,10072.964535241994
1354.6704188799995,5401.523514651999,13681.331160908014,10081.680233623994
1355.026314062999,5405.811169285999,13692.296199008011,10089.938008541994
1355.7819708839995,5410.281682421,13704.464609831011,10098.424894320997
1361.3435648430004,5414.795278494,13716.053313900013,10106.743874048994
1359.0835593069996,5419.240051826,13728.272229196013,10115.260648876994
1359.410703925999,5423.572572958,13739.384672129012,10123.645437077994
1360.3187972379994,5427.987854183,13750.370709367013,10131.896996061994
1365.9367758840003,5432.49783146,13761.721414424012,10140.080621299994
1363.3417010489995,5437.09452098,13772.705639904014,10148.304043218994
1364.159496438999,5441.420727694001,13784.276864349014,10156.678001677994
1365.0035222599995,5445.882038453001,13795.330290784015,10165.130534461994
1370.4960366760004,5450.4934424190005,13806.596626580014,10173.409755649996
1367.7935339389996,5454.783671630001,13818.458604949014,10181.823265253995
1368.5084825749989,5459.497657443001,13829.707828316014,10189.876451187996
1369.4652655769994,5463.611868050001,13841.084872202013,10198.325060258996
1375.0495701580005,5468.158027190001,13852.400369888011,10206.712580338995
1372.3947490489998,5472.519601166001,13863.451084953012,10214.879407583996
1372.940238713999,5477.019808994001,13875.488845207012,10223.151688307997
1373.9852407779997,5481.551176801001,13886.676586780011,10231.447063600996
1379.6682796460002,5486.028645232001,13897.98947116601,10239.659066161998
1377.0771779159998,5490.464709018001,13909.267659732011,10247.937823460998
1377.548317263999,5494.955393994001,13920.859583871012,10256.040145302995
1378.6901164949995,5499.673725634,13932.05837630901,10264.297651456996
1383.8510715570003,5504.265387726,13943.38629447101,10272.295597880997
1381.4181221719998,5508.68759457,13954.14637007901,10280.811052716996
1381.8286974179991,5513.337858179,13965.91033348001,10288.978037144998
1383.1270593049994,5517.6590732820005,13977.56876455201,10297.275191237
1388.3139099620005,5522.357245987,13988.85318389601,10305.683612419998
1385.6258734259998,5526.678235529,14000.28074601401,10314.222890368996
1386.2671953529991,5531.167575077,14011.70189077001,10322.636126213998
1387.8196836459997,5535.8931163180005,14023.284257652009,10331.241914887998
1392.9048342110002,5540.3789957690005,14035.08113516801,10339.564570914998
1390.3077814079998,5544.750483714,14046.76893006801,10348.119340505998
1390.9160390479992,5549.242366486001,14058.03977137901,10356.655156369998
1392.4565068939994,5553.732386677001,14069.21532820701,10364.824743305997
1397.711852756,5558.187495791001,14080.64568624401,10373.398652653996
1395.0897154869997,5562.558149957002,14091.52608711001,10381.661296406995
1395.7219303539991,5567.044326662001,14102.98976669401,10390.027765885998
1396.990456493999,5571.510659326002,14114.570716303013,10398.344932872998
1402.062694696,5575.755466620001,14125.839199207012,10406.892543891
1399.6507021369996,5580.116715643001,14136.802664658013,10415.415341421
1400.376731202999,5584.606822485001,14147.823055437011,10423.960716693
1401.489085228999,5589.274937278002,14159.06776515201,10432.341885662
1406.208896005,5593.816186181002,14170.423122472012,10440.75244684
1404.2445656839996,5598.379993001002,14181.68050237001,10448.785597604
1405.096993602999,5602.928963176002,14192.90943457801,10457.258006354
1405.9044292699994,5607.280307096002,14204.47143210901,10465.549138269
1410.666533235,5611.648048277002,14215.800490792011,10473.959112426
1408.6665180809996,5616.116124802002,14226.914610148013,10482.357297368
1409.450880748999,5620.575241599002,14238.59521598801,10490.653409517
1410.3723875509993,5625.133496701002,14250.15667155501,10498.968733226
1415.13319241,5629.307165964002,14261.707593686013,10507.465930261
1413.1891233939996,5633.880367227001,14273.10831956601,10515.823552227
1413.606649287999,5638.6319975410015,14284.66388043801,10524.241725144
1414.8777885909992,5643.282545753002,14295.46731977101,10532.463542014
1419.474236927,5647.519489381001,14307.12779330601,10541.001203981
1417.5450056839995,5652.292786973001,14318.37759260301,10549.490786191
1418.0824784309991,5656.904085234001,14329.83955682301,10557.570947563
1419.4906591879992,5661.521882481002,14341.417520612007,10565.73205706
1423.980936582,5665.831036011002,14352.573183763008,10574.125301692
1421.9530335089996,5670.013684797002,14363.942645990008,10582.231887652
1422.592631262999,5674.549104958001,14375.288584393007,10590.507956984
1424.2920619149993,5678.887547408001,14386.924481523009,10598.834584308
1428.4906538189998,5683.325400189002,14398.615814503008,10606.841238388
1426.7047158199996,5687.423341289002,14409.485943387008,10615.112134647
1427.095621338999,5692.037990601002,14421.172541580008,10623.352161708
1428.8244837629993,5696.4731710740025,14432.670908309008,10631.472461
1432.9551318799995,5701.142177136003,14444.215694784009,10640.201667982
1431.1743800559996,5705.8007507010025,14455.36374426201,10648.250014874
1431.6617296069992,5710.538410479003,14466.73120153301,10656.88316506
1433.6238685989993,5715.107030062003,14478.49002710101,10665.135961225
1437.4165202369998,5719.515319053003,14489.62275915701,10673.401006098
1435.3591085779997,5723.967228204003,14501.41092553801,10681.567777075
1436.1202035369993,5728.296250767003,14512.72478443201,10690.280947884
1438.0352083969992,5732.738101823003,14524.00768959301,10698.784992882
1441.8188889509995,5737.393593225002,14535.56980764701,10707.095593537002
1439.7086700499997,5741.989973822002,14546.86066064001,10715.287138001002
1440.5956584109992,5746.618699120002,14557.77000200601,10723.482436797
1442.7176857539991,5751.092488885002,14568.85097586201,10731.871375317
1446.2671094269997,5755.685935680002,14580.48074682301,10740.209073114002
1444.2348833109995,5760.263252253002,14591.97424629701,10748.512123353
1445.1642355809993,5764.569270675002,14603.14750096301,10756.709569141
1447.1094920759992,5769.0035111410025,14614.21143949001,10764.891393881002
1451.1016979919998,5773.5173038480025,14625.60517644401,10773.450736341
1448.6755803819997,5778.002471840003,14636.73289808101,10782.058145473002
1449.7964743099992,5782.495661431003,14648.18813436401,10790.173967197004
1451.3103242089992,5787.040384979003,14659.86042143801,10798.670926126002
1455.5701965419998,5791.3453274970025,14671.20083455701,10807.104111182
1453.0549178129995,5796.125803759002,14682.478097006013,10815.626736652
1454.3003307689992,5800.613729308002,14693.986364893011,10824.238444324
1455.7722646939992,5805.060238908002,14705.215068030013,10832.636786319
1459.800495625,5809.484157639003,14716.368089019012,10841.192710896
1457.4010614329995,5813.769036179003,14727.690123424012,10849.672337651
1458.5753221719992,5818.089165584003,14738.678732897011,10858.249407345
1460.2647513859993,5822.491289781004,14749.824594515014,10866.904602055
1464.187920399,5826.749551878003,14761.492034856014,10875.293933982
1461.9268062999995,5831.015895393003,14772.872918231014,10883.454890742998
1463.0713254349992,5835.297470503003,14783.983091816017,10891.722550029
1464.5669257759992,5840.0414225600025,14795.379248940017,10900.156112014
1468.516598426,5844.287974912003,14806.600193616016,10908.363996207
1466.3812621069994,5848.616744574003,14817.805759194016,10916.983879094
1467.654714151999,5852.794171036003,14828.788610454016,10925.416327249
1469.2147945679992,5857.313825416003,14840.312353194016,10933.418402774
1473.066671158,5861.873536196003,14851.436444367017,10941.692886979
1470.601526098999,5866.252503761003,14862.864783916017,10949.909699864998
1472.128429787999,5870.812956603003,14874.281244726017,10958.342815200998
1473.547744727999,5875.245202418003,14886.118102728016,10966.657686238
1477.548838168,5880.043352146003,14897.300257289016,10974.851837579
1474.8960244049993,5884.687954955003,14908.660176547017,10983.273347556998
1476.632397020999,5889.180806478003,14920.233292987015,10991.895033155
1478.2379341869994,5893.618996592003,14931.557617843016,11000.118381432
1482.247293114,5897.828262278003,14942.809717541017,11008.41430148
1479.4894622169993,5902.173118472004,14954.446953420016,11016.692934916
1481.250194374999,5906.852460167004,14966.111872073016,11024.923218213
1482.5315037709993,5911.297294160005,14977.779502294015,11033.074011978
1486.876557309,5915.979187606004,14989.379695055017,11041.534083272
1483.905596692999,5920.402935150005,15000.842419471015,11049.936018185
1485.5911576729989,5924.753775132005,15011.996812897016,11057.868226985998
1487.0669733499992,5929.166632109005,15023.591807491017,11066.187042237998
1491.353462836,5933.721634537005,15035.021858903016,11074.425452598998
1488.3031579259994,5938.303300223005,15046.655519604015,11082.944931222
1489.9033744519988,5943.043603550005,15057.751990647015,11091.099408818998
1491.7583924349992,5947.420965831006,15068.754760612015,11099.769928752998
1496.058546063,5951.789738768006,15079.748353011017,11108.457777932996
1492.767097873999,5956.573364864006,15091.095190887016,11116.792681519995
1494.3797399649989,5961.230269011006,15102.591960398016,11124.921267728998
1496.1916458869991,5965.582628855006,15114.600449266016,11133.215548521996
1500.646484105,5970.148059383007,15126.048979429015,11141.967321829998
1497.4441113989992,5974.545001624007,15137.662236666016,11150.497183792995
1498.9223002949989,5979.269510765007,15148.983191045016,11159.095159519997
1500.0446225609992,5984.003177042007,15160.376641570016,11167.288390047996
1504.8382696699998,5988.156396487007,15171.512045554016,11175.700257820998
1501.6784519289993,,,
1503.420183348999,,,
