comId,time,q_len,handled_num
3,1,50,0
0,1,50,0
2,1,50,0
1,1,50,0
1,6,100,0
3,6,100,0
0,6,100,0
2,6,100,0
2,11,150,0
3,11,150,0
1,11,150,0
0,11,150,0
2,16,200,0
0,16,200,0
1,16,200,0
3,16,200,0
2,21,250,0
0,21,250,0
1,21,250,0
3,21,250,0
2,26,300,0
3,26,300,0
1,26,300,0
0,26,300,0
2,31,350,0
3,31,350,0
0,31,350,0
1,31,350,0
2,36,400,0
0,36,400,0
1,36,400,0
3,36,400,0
2,41,450,0
3,41,450,0
0,41,450,0
1,41,450,0
2,46,500,0
0,46,500,0
1,46,500,0
3,46,500,0
2,51,550,0
0,51,550,0
3,51,550,0
1,51,550,0
2,56,600,0
3,56,600,0
0,56,600,0
1,56,600,0
2,61,650,0
3,61,650,0
0,61,650,0
1,61,650,0
2,66,700,0
3,66,700,0
0,66,700,0
1,66,700,0
2,71,750,0
3,71,750,0
0,71,750,0
1,71,750,0
2,76,800,0
3,76,800,0
0,76,800,0
1,76,800,0
2,81,850,0
3,81,850,0
1,81,850,0
0,81,850,0
2,86,900,0
1,86,900,0
0,86,900,0
3,86,900,0
2,91,950,0
1,91,950,0
0,91,950,0
3,91,950,0
2,96,1000,0
0,96,1000,0
1,96,1000,0
3,96,1000,0
2,101,1050,0
1,101,1050,0
0,101,1050,0
3,101,1050,0
2,106,1100,0
1,106,1100,0
3,106,1100,0
0,106,1100,0
2,111,1150,0
0,111,1150,0
1,111,1150,0
3,111,1150,0
2,116,1200,0
0,116,1200,0
1,116,1200,0
3,116,1200,0
2,121,1250,0
0,121,1250,0
3,121,1250,0
1,121,1250,0
2,126,1300,0
0,126,1300,0
3,126,1300,0
1,126,1300,0
2,131,1350,0
0,131,1350,0
3,131,1350,0
1,131,1350,0
2,136,1400,0
0,136,1400,0
3,136,1400,0
1,136,1400,0
2,141,1450,0
3,141,1450,0
0,141,1450,0
1,141,1450,0
2,146,1500,0
3,146,1500,0
0,146,1500,0
1,146,1500,0
2,151,1550,0
0,151,1550,0
3,151,1550,0
1,151,1550,0
2,156,1600,0
0,156,1600,0
3,156,1600,0
1,156,1600,0
2,161,1650,0
0,161,1650,0
3,161,1650,0
1,161,1650,0
2,166,1700,0
3,166,1700,0
1,166,1700,0
0,166,1700,0
2,171,1750,0
1,171,1750,0
0,171,1750,0
3,171,1750,0
2,176,1800,0
0,176,1800,0
3,176,1800,0
1,176,1800,0
2,181,1850,0
1,181,1850,0
3,181,1850,0
0,181,1850,0
2,186,1900,0
1,186,1900,0
3,186,1900,0
0,186,1900,0
2,191,1950,0
1,191,1950,0
3,191,1950,0
0,191,1950,0
2,196,2000,0
1,196,2000,0
3,196,2000,0
0,196,2000,0
2,201,2050,0
1,201,2050,0
0,201,2050,0
3,201,2050,0
2,206,2100,0
1,206,2100,0
0,206,2100,0
3,206,2100,0
2,211,2150,0
1,211,2150,0
0,211,2150,0
3,211,2150,0
2,216,2200,0
0,216,2200,0
1,216,2200,0
3,216,2200,0
2,221,2250,0
1,221,2250,0
0,221,2250,0
3,221,2250,0
2,226,2300,0
0,226,2300,0
1,226,2300,0
3,226,2300,0
2,231,2350,0
0,231,2350,0
1,231,2350,0
3,231,2350,0
2,236,2400,0
1,236,2400,0
0,236,2400,0
3,236,2400,0
2,241,2450,0
0,241,2450,0
1,241,2450,0
3,241,2450,0
2,246,2500,0
0,246,2500,0
1,246,2500,0
3,246,2500,0
2,251,2550,0
3,251,2550,0
0,251,2550,0
1,251,2550,0
2,256,2600,0
3,256,2600,0
1,256,2600,0
0,256,2600,0
2,261,2650,0
0,261,2650,0
1,261,2650,0
3,261,2650,0
2,266,2700,0
1,266,2700,0
0,266,2700,0
3,266,2700,0
2,271,2750,0
1,271,2750,0
0,271,2750,0
3,271,2750,0
2,276,2800,0
1,276,2800,0
0,276,2800,0
3,276,2800,0
2,281,2850,0
3,281,2850,0
1,281,2850,0
0,281,2850,0
2,286,2900,0
3,286,2900,0
1,286,2900,0
0,286,2900,0
2,291,2950,0
3,291,2950,0
1,291,2950,0
0,291,2950,0
2,296,3000,0
1,296,3000,0
3,296,3000,0
0,296,3000,0
2,301,3050,0
1,301,3050,0
0,301,3050,0
3,301,3050,0
2,306,3100,0
1,306,3100,0
0,306,3100,0
3,306,3100,0
2,311,3150,0
0,311,3150,0
1,311,3150,0
3,311,3150,0
2,316,3200,0
1,316,3200,0
0,316,3200,0
3,316,3200,0
2,321,3250,0
0,321,3250,0
1,321,3250,0
3,321,3250,0
2,326,3300,0
3,326,3300,0
0,326,3300,0
1,326,3300,0
2,331,3350,0
3,331,3350,0
0,331,3350,0
1,331,3350,0
2,336,3400,0
3,336,3400,0
0,336,3400,0
1,336,3400,0
2,341,3450,0
3,341,3450,0
1,341,3450,0
0,341,3450,0
2,346,3500,0
3,346,3500,0
0,346,3500,0
1,346,3500,0
2,351,3550,0
3,351,3550,0
0,351,3550,0
1,351,3550,0
2,356,3600,0
3,356,3600,0
1,356,3600,0
0,356,3600,0
2,361,3650,0
3,361,3650,0
1,361,3650,0
0,361,3650,0
2,366,3700,0
3,366,3700,0
0,366,3700,0
1,366,3700,0
2,371,3750,0
3,371,3750,0
1,371,3750,0
0,371,3750,0
2,376,3800,0
3,376,3800,0
1,376,3800,0
0,376,3800,0
2,381,3850,0
3,381,3850,0
1,381,3850,0
0,381,3850,0
2,386,3900,0
3,386,3900,0
0,386,3900,0
1,386,3900,0
2,391,3950,0
3,391,3950,0
0,391,3950,0
1,391,3950,0
2,396,4000,0
3,396,4000,0
1,396,4000,0
0,396,4000,0
2,401,4050,0
3,401,4050,0
0,401,4050,0
1,401,4050,0
2,406,4100,0
3,406,4100,0
0,406,4100,0
1,406,4100,0
2,411,4150,0
3,411,4150,0
0,411,4150,0
1,411,4150,0
2,416,4200,0
3,416,4200,0
1,416,4200,0
0,416,4200,0
2,421,4250,0
3,421,4250,0
0,421,4250,0
1,421,4250,0
2,426,4300,0
3,426,4300,0
1,426,4300,0
0,426,4300,0
2,431,4350,0
3,431,4350,0
1,431,4350,0
0,431,4350,0
2,436,4400,0
3,436,4400,0
1,436,4400,0
0,436,4400,0
2,441,4450,0
3,441,4450,0
1,441,4450,0
0,441,4450,0
2,446,4500,0
3,446,4500,0
1,446,4500,0
0,446,4500,0
2,451,4550,0
3,451,4550,0
1,451,4550,0
0,451,4550,0
2,456,4600,0
3,456,4600,0
1,456,4600,0
0,456,4600,0
2,461,4650,0
3,461,4650,0
1,461,4650,0
0,461,4650,0
2,466,4700,0
3,466,4700,0
1,466,4700,0
0,466,4700,0
2,471,4750,0
3,471,4750,0
1,471,4750,0
0,471,4750,0
2,476,4800,0
3,476,4800,0
1,476,4800,0
0,476,4800,0
2,481,4850,0
3,481,4850,0
1,481,4850,0
0,481,4850,0
2,486,4900,0
3,486,4900,0
1,486,4900,0
0,486,4900,0
2,491,4950,0
3,491,4950,0
1,491,4950,0
0,491,4950,0
2,496,5000,0
1,496,5000,0
3,496,5000,0
0,496,5000,0
2,501,5000,0
1,501,5000,0
3,501,5000,0
0,501,5000,0
2,506,5000,0
3,506,5000,0
1,506,5000,0
0,506,5000,0
2,511,5000,0
1,511,5000,0
3,511,5000,0
0,511,5000,0
2,516,5000,0
1,516,5000,0
3,516,5000,0
0,516,5000,0
2,521,5000,0
1,521,5000,0
3,521,5000,0
0,521,5000,0
2,526,5000,0
1,526,5000,0
3,526,5000,0
0,526,5000,0
2,531,5000,0
1,531,5000,0
3,531,5000,0
0,531,5000,0
2,536,5000,0
1,536,5000,0
3,536,5000,0
0,536,5000,0
2,541,5000,0
3,541,5000,0
1,541,5000,0
0,541,5000,0
2,546,3230,1770
3,546,5000,0
1,546,5000,0
0,546,5000,0
2,551,3230,1770
3,551,5000,0
1,551,3220,1780
0,551,5000,0
2,556,3230,1770
1,556,3220,1780
3,556,5000,0
0,556,5000,0
2,561,3230,1770
3,561,5000,0
1,561,3220,1780
0,561,5000,0
2,566,3230,1770
1,566,3220,1780
3,566,5000,0
0,566,5000,0
2,571,3230,1770
3,571,5000,0
1,571,3220,1780
0,571,5000,0
2,576,3230,1770
1,576,3220,1780
3,576,5000,0
0,576,5000,0
2,581,3230,1770
3,581,5000,0
1,581,3220,1780
0,581,5000,0
2,586,3230,1770
1,586,3220,1780
3,586,5000,0
0,586,5000,0
2,591,3230,1770
1,591,3220,1780
3,591,5000,0
0,591,5000,0
2,596,3230,1770
3,596,5000,0
1,596,3220,1780
0,596,5000,0
2,601,3230,1770
1,601,3220,1780
3,601,5000,0
0,601,5000,0
2,606,3230,1770
1,606,3220,1780
3,606,5000,0
0,606,5000,0
2,611,3230,1770
3,611,5000,0
1,611,3220,1780
0,611,5000,0
2,616,3230,1770
3,616,5000,0
1,616,3220,1780
0,616,5000,0
2,621,3230,1770
3,621,5000,0
1,621,3220,1780
0,621,5000,0
2,626,3230,1770
3,626,5000,0
1,626,3220,1780
0,626,5000,0
2,631,3230,1770
1,631,3220,1780
3,631,5000,0
0,631,5000,0
2,636,3230,1770
1,636,3220,1780
3,636,5000,0
0,636,2930,2070
2,641,3230,1770
1,641,3220,1780
3,641,5000,0
0,641,2930,2070
2,646,3230,1770
3,646,2880,2120
1,646,3220,1780
0,646,2930,2070
2,651,3230,1770
1,651,3220,1780
3,651,2880,2120
0,651,2930,2070
2,656,3230,1770
3,656,2880,2120
1,656,3220,1780
0,656,2930,2070
2,661,3230,1770
1,661,3220,1780
3,661,2880,2120
0,661,2930,2070
2,666,3230,1770
1,666,3220,1780
3,666,2880,2120
0,666,2930,2070
2,671,3230,1770
1,671,3220,1780
3,671,2880,2120
0,671,2930,2070
2,676,3230,1770
3,676,2880,2120
1,676,3220,1780
0,676,2930,2070
2,681,3230,1770
3,681,2880,2120
1,681,3220,1780
0,681,2930,2070
2,686,3230,1770
1,686,3220,1780
3,686,2880,2120
0,686,2930,2070
2,691,3230,1770
1,691,3220,1780
3,691,2880,2120
0,691,2930,2070
2,696,3230,1770
1,696,3220,1780
3,696,2880,2120
0,696,2930,2070
2,701,3230,1770
3,701,2880,2120
0,701,2930,2070
1,701,3220,1780
2,706,3230,1770
3,706,2880,2120
0,706,2930,2070
1,706,3220,1780
2,711,3230,1770
0,711,2930,2070
1,711,3220,1780
3,711,2880,2120
2,716,3230,1770
3,716,2880,2120
0,716,2930,2070
1,716,3220,1780
2,721,3230,1770
0,721,2930,2070
1,721,3220,1780
3,721,2880,2120
2,726,3230,1770
1,726,3220,1780
3,726,2880,2120
0,726,2930,2070
2,731,3230,1770
3,731,2880,2120
0,731,2930,2070
1,731,3220,1780
2,736,3230,1770
1,736,3220,1780
0,736,2930,2070
3,736,2880,2120
2,741,3230,1770
0,741,2930,2070
3,741,2880,2120
1,741,3220,1780
2,746,3230,1770
3,746,2880,2120
1,746,3220,1780
0,746,2930,2070
2,751,3230,1770
0,751,2930,2070
3,751,2880,2120
1,751,3220,1780
2,756,3230,1770
3,756,2880,2120
0,756,2930,2070
1,756,3220,1780
2,761,3230,1770
3,761,2880,2120
1,761,3220,1780
0,761,2930,2070
2,766,3230,1770
3,766,2880,2120
0,766,2930,2070
1,766,3220,1780
2,771,3230,1770
3,771,2880,2120
0,771,2930,2070
1,771,3220,1780
2,776,3230,1770
3,776,2880,2120
1,776,3220,1780
0,776,2930,2070
2,781,3230,1770
3,781,2880,2120
0,781,2930,2070
1,781,3220,1780
2,786,3230,1770
3,786,2880,2120
0,786,2930,2070
1,786,3220,1780
2,791,3230,1770
3,791,2880,2120
1,791,3220,1780
0,791,2930,2070
2,796,3230,1770
3,796,2880,2120
1,796,3220,1780
0,796,2930,2070
2,801,3230,1770
3,801,2880,2120
0,801,2930,2070
1,801,3220,1780
2,806,3230,1770
3,806,2880,2120
0,806,2930,2070
1,806,3220,1780
2,811,3230,1770
3,811,2880,2120
0,811,2930,2070
1,811,3220,1780
2,816,3230,1770
3,816,2880,2120
0,816,2930,2070
1,816,3220,1780
2,821,3230,1770
3,821,2880,2120
0,821,2930,2070
1,821,3220,1780
2,826,3230,1770
3,826,2880,2120
0,826,2930,2070
1,826,3220,1780
2,831,3230,1770
3,831,2880,2120
0,831,2930,2070
1,831,3220,1780
2,836,3230,1770
3,836,2880,2120
0,836,2930,2070
1,836,3220,1780
2,841,3230,1770
3,841,2880,2120
0,841,2930,2070
1,841,3220,1780
2,846,3230,1770
3,846,2880,2120
0,846,2930,2070
1,846,3220,1780
2,851,3230,1770
3,851,2880,2120
0,851,2930,2070
1,851,3220,1780
2,856,3230,1770
3,856,2880,2120
1,856,3220,1780
0,856,2930,2070
2,861,3230,1770
3,861,2880,2120
1,861,3220,1780
0,861,2930,2070
2,866,3230,1770
3,866,2880,2120
1,866,3220,1780
0,866,2930,2070
2,871,3230,1770
3,871,2880,2120
1,871,3220,1780
0,871,2930,2070
2,876,3230,1770
3,876,2880,2120
1,876,3220,1780
0,876,2930,2070
2,881,3230,1770
3,881,2880,2120
1,881,3220,1780
0,881,2930,2070
2,886,3230,1770
3,886,2880,2120
0,886,2930,2070
1,886,3220,1780
2,891,3230,1770
3,891,2880,2120
0,891,2930,2070
1,891,3220,1780
2,896,3230,1770
3,896,2880,2120
0,896,2930,2070
1,896,3220,1780
2,901,3230,1770
3,901,2880,2120
0,901,2930,2070
1,901,3220,1780
2,906,3230,1770
3,906,2880,2120
1,906,3220,1780
0,906,2930,2070
2,911,3230,1770
3,911,2880,2120
1,911,3220,1780
0,911,2930,2070
2,916,3230,1770
3,916,2880,2120
1,916,3220,1780
0,916,2930,2070
2,921,3230,1770
3,921,2880,2120
0,921,2930,2070
1,921,3220,1780
2,926,3230,1770
3,926,2880,2120
0,926,2930,2070
1,926,3220,1780
2,931,3230,1770
3,931,2880,2120
0,931,2930,2070
1,931,3220,1780
2,936,3230,1770
3,936,2880,2120
0,936,2930,2070
1,936,3220,1780
2,941,3230,1770
3,941,2880,2120
0,941,2930,2070
1,941,3220,1780
2,946,3230,1770
3,946,2880,2120
1,946,3220,1780
0,946,2930,2070
2,951,3230,1770
3,951,2880,2120
0,951,2930,2070
1,951,3220,1780
2,956,3230,1770
3,956,2880,2120
0,956,2930,2070
1,956,3220,1780
2,961,3230,1770
3,961,2880,2120
0,961,2930,2070
1,961,3220,1780
2,966,3230,1770
3,966,2880,2120
0,966,2930,2070
1,966,3220,1780
2,971,3230,1770
3,971,2880,2120
0,971,2930,2070
1,971,3220,1780
2,976,3230,1770
3,976,2880,2120
0,976,2930,2070
1,976,3220,1780
2,981,3230,1770
3,981,2880,2120
0,981,2930,2070
1,981,3220,1780
2,986,3230,1770
3,986,2880,2120
0,986,2930,2070
1,986,3220,1780
2,991,3230,1770
3,991,2880,2120
0,991,2930,2070
1,991,3220,1780
2,996,3230,1770
3,996,2880,2120
0,996,2930,2070
1,996,3220,1780
2,1001,3230,1770
3,1001,2880,2120
0,1001,2930,2070
1,1001,3220,1780
2,1006,3230,1770
3,1006,2880,2120
0,1006,2930,2070
1,1006,3220,1780
2,1011,3230,1770
3,1011,2880,2120
0,1011,2930,2070
1,1011,3220,1780
2,1016,3230,1770
3,1016,2880,2120
1,1016,3220,1780
0,1016,2930,2070
2,1021,3230,1770
3,1021,2880,2120
1,1021,3220,1780
0,1021,2930,2070
2,1026,3230,1770
3,1026,2880,2120
1,1026,3220,1780
0,1026,2930,2070
2,1031,3230,1770
3,1031,2880,2120
1,1031,3220,1780
0,1031,2930,2070
2,1036,3230,1770
3,1036,2880,2120
1,1036,3220,1780
0,1036,2930,2070
2,1041,3230,1770
3,1041,2880,2120
1,1041,3220,1780
0,1041,2930,2070
2,1046,3230,1770
3,1046,2880,2120
0,1046,2930,2070
1,1046,3220,1780
2,1051,3230,1770
3,1051,2880,2120
0,1051,2930,2070
1,1051,3220,1780
2,1056,3230,1770
3,1056,2880,2120
0,1056,2930,2070
1,1056,3220,1780
2,1061,3230,1770
3,1061,2880,2120
0,1061,2930,2070
1,1061,3220,1780
2,1066,3230,1770
3,1066,2880,2120
0,1066,2930,2070
1,1066,3220,1780
2,1071,3230,1770
3,1071,2880,2120
1,1071,3220,1780
0,1071,2930,2070
2,1076,3230,1770
3,1076,2880,2120
1,1076,3220,1780
0,1076,2930,2070
2,1081,3230,1770
3,1081,2880,2120
0,1081,2930,2070
1,1081,3220,1780
3,1086,2880,2120
2,1086,3230,1770
0,1086,2930,2070
1,1086,3220,1780
3,1091,2880,2120
2,1091,3230,1770
0,1091,2930,2070
1,1091,3220,1780
3,1096,2880,2120
2,1096,3230,1770
0,1096,2930,2070
1,1096,3220,1780
2,1101,3230,1770
3,1101,2880,2120
1,1101,3220,1780
0,1101,2930,2070
3,1106,2880,2120
2,1106,3230,1770
0,1106,2930,2070
1,1106,3220,1780
3,1111,2880,2120
2,1111,3230,1770
0,1111,2930,2070
1,1111,1380,3620
3,1116,2880,2120
2,1116,3230,1770
1,1116,1380,3620
0,1116,2930,2070
3,1121,2880,2120
2,1121,3230,1770
1,1121,1380,3620
0,1121,2930,2070
3,1126,2880,2120
2,1126,3230,1770
0,1126,2930,2070
1,1126,1380,3620
3,1131,2880,2120
2,1131,3230,1770
0,1131,2930,2070
1,1131,1380,3620
3,1136,2880,2120
2,1136,3230,1770
0,1136,2930,2070
1,1136,1380,3620
3,1141,2880,2120
2,1141,3230,1770
0,1141,2930,2070
1,1141,1380,3620
3,1146,2880,2120
2,1146,3230,1770
0,1146,2930,2070
1,1146,1380,3620
3,1151,2880,2120
2,1151,3230,1770
0,1151,2930,2070
1,1151,1380,3620
3,1156,2880,2120
2,1156,3230,1770
0,1156,2930,2070
1,1156,1380,3620
3,1161,2880,2120
2,1161,3230,1770
1,1161,1380,3620
0,1161,2930,2070
3,1166,2880,2120
2,1166,3230,1770
0,1166,2930,2070
1,1166,1380,3620
3,1171,2880,2120
2,1171,3230,1770
0,1171,2930,2070
1,1171,1380,3620
3,1176,2880,2120
2,1176,3230,1770
0,1176,2930,2070
1,1176,1380,3620
3,1181,2880,2120
2,1181,1140,3860
0,1181,2930,2070
1,1181,1380,3620
3,1186,2880,2120
2,1186,1140,3860
1,1186,1380,3620
0,1186,2930,2070
3,1191,2880,2120
2,1191,1140,3860
0,1191,2930,2070
1,1191,1380,3620
2,1196,1140,3860
3,1196,1090,3910
0,1196,2930,2070
1,1196,1380,3620
2,1201,1140,3860
3,1201,1090,3910
0,1201,2930,2070
1,1201,1380,3620
2,1206,1140,3860
3,1206,1090,3910
0,1206,2930,2070
1,1206,1380,3620
2,1211,1140,3860
3,1211,1090,3910
1,1211,1380,3620
0,1211,2930,2070
2,1216,1140,3860
3,1216,1090,3910
1,1216,1380,3620
0,1216,2930,2070
2,1221,1140,3860
3,1221,1090,3910
0,1221,2930,2070
1,1221,1380,3620
2,1226,1140,3860
3,1226,1090,3910
0,1226,2930,2070
1,1226,1380,3620
2,1231,1140,3860
3,1231,1090,3910
0,1231,2930,2070
1,1231,1380,3620
2,1236,1140,3860
3,1236,1090,3910
1,1236,1380,3620
0,1236,2930,2070
2,1241,1140,3860
3,1241,1090,3910
0,1241,2930,2070
1,1241,1380,3620
2,1246,1140,3860
3,1246,1090,3910
0,1246,2930,2070
1,1246,1380,3620
2,1251,1140,3860
3,1251,1090,3910
1,1251,1380,3620
0,1251,2930,2070
2,1256,1140,3860
3,1256,1090,3910
1,1256,1380,3620
0,1256,2930,2070
2,1261,1140,3860
3,1261,1090,3910
0,1261,2930,2070
1,1261,1380,3620
2,1266,1140,3860
3,1266,1090,3910
0,1266,2930,2070
1,1266,1380,3620
2,1271,1140,3860
3,1271,1090,3910
1,1271,1380,3620
0,1271,2930,2070
2,1276,1140,3860
3,1276,1090,3910
1,1276,1380,3620
0,1276,2930,2070
2,1281,1140,3860
3,1281,1090,3910
1,1281,1380,3620
0,1281,2930,2070
2,1286,1140,3860
3,1286,1090,3910
1,1286,1380,3620
0,1286,789,4211
2,1291,1140,3860
3,1291,1090,3910
1,1291,1380,3620
0,1291,789,4211
2,1296,1140,3860
3,1296,1090,3910
1,1296,1380,3620
0,1296,789,4211
2,1301,1140,3860
3,1301,1090,3910
1,1301,1380,3620
0,1301,789,4211
2,1306,1140,3860
3,1306,1090,3910
1,1306,1380,3620
0,1306,789,4211
2,1311,1140,3860
3,1311,1090,3910
1,1311,1380,3620
0,1311,789,4211
2,1316,1140,3860
3,1316,1090,3910
1,1316,1380,3620
0,1316,789,4211
2,1321,1140,3860
3,1321,1090,3910
1,1321,1380,3620
0,1321,789,4211
2,1326,1140,3860
3,1326,1090,3910
1,1326,1380,3620
0,1326,789,4211
2,1331,1140,3860
3,1331,1090,3910
1,1331,1380,3620
0,1331,789,4211
2,1336,1140,3860
1,1336,1380,3620
3,1336,1090,3910
0,1336,789,4211
2,1341,1140,3860
0,1341,789,4211
3,1341,1090,3910
1,1341,1380,3620
2,1346,1140,3860
3,1346,1090,3910
1,1346,1380,3620
0,1346,789,4211
2,1351,1140,3860
3,1351,1090,3910
1,1351,1380,3620
0,1351,789,4211
2,1356,1140,3860
1,1356,1380,3620
3,1356,1090,3910
0,1356,789,4211
2,1361,1140,3860
1,1361,1380,3620
3,1361,1090,3910
0,1361,789,4211
2,1366,1140,3860
1,1366,1380,3620
3,1366,1090,3910
0,1366,789,4211
2,1371,1140,3860
0,1371,789,4211
3,1371,1090,3910
1,1371,1380,3620
2,1376,1140,3860
3,1376,1090,3910
1,1376,1380,3620
0,1376,789,4211
2,1381,1140,3860
3,1381,1090,3910
1,1381,1380,3620
0,1381,789,4211
2,1386,1140,3860
3,1386,1090,3910
0,1386,789,4211
1,1386,1380,3620
2,1391,1140,3860
0,1391,789,4211
1,1391,1380,3620
3,1391,1090,3910
2,1396,1140,3860
1,1396,1380,3620
3,1396,1090,3910
0,1396,789,4211
2,1401,1140,3860
3,1401,1090,3910
0,1401,789,4211
1,1401,1380,3620
2,1406,1140,3860
1,1406,1380,3620
0,1406,789,4211
3,1406,1090,3910
2,1411,1140,3860
3,1411,1090,3910
0,1411,789,4211
1,1411,1380,3620
2,1416,1140,3860
1,1416,1380,3620
3,1416,1090,3910
0,1416,789,4211
2,1421,1140,3860
3,1421,1090,3910
1,1421,1380,3620
0,1421,789,4211
2,1426,1140,3860
3,1426,1090,3910
0,1426,789,4211
1,1426,1380,3620
2,1431,1140,3860
3,1431,1090,3910
1,1431,1380,3620
0,1431,789,4211
2,1436,1140,3860
3,1436,1090,3910
1,1436,1380,3620
0,1436,789,4211
2,1441,1140,3860
1,1441,1380,3620
3,1441,1090,3910
0,1441,789,4211
2,1446,1140,3860
1,1446,1380,3620
3,1446,1090,3910
0,1446,789,4211
2,1451,1140,3860
3,1451,1090,3910
1,1451,1380,3620
0,1451,789,4211
2,1456,1140,3860
1,1456,1380,3620
3,1456,1090,3910
0,1456,789,4211
2,1461,1140,3860
1,1461,1380,3620
3,1461,1090,3910
0,1461,789,4211
2,1466,1140,3860
1,1466,1380,3620
3,1466,1090,3910
0,1466,789,4211
2,1471,1140,3860
1,1471,1380,3620
3,1471,1090,3910
0,1471,789,4211
2,1476,1140,3860
1,1476,1380,3620
3,1476,1090,3910
0,1476,789,4211
2,1481,1140,3860
1,1481,1380,3620
3,1481,1090,3910
0,1481,789,4211
2,1486,1140,3860
1,1486,1380,3620
3,1486,1090,3910
0,1486,789,4211
2,1491,1140,3860
1,1491,1380,3620
3,1491,1090,3910
0,1491,789,4211
2,1496,1140,3860
1,1496,1380,3620
3,1496,1090,3910
0,1496,789,4211
2,1501,1140,3860
3,1501,1090,3910
1,1501,1380,3620
0,1501,789,4211
2,1506,1140,3860
1,1506,1380,3620
3,1506,1090,3910
0,1506,789,4211
2,1511,1140,3860
1,1511,1380,3620
3,1511,1090,3910
0,1511,789,4211
2,1516,1140,3860
1,1516,1380,3620
3,1516,1090,3910
0,1516,789,4211
2,1521,1140,3860
3,1521,1090,3910
1,1521,1380,3620
0,1521,789,4211
2,1526,1140,3860
3,1526,1090,3910
1,1526,1380,3620
0,1526,789,4211
2,1531,1140,3860
1,1531,1380,3620
3,1531,1090,3910
0,1531,789,4211
2,1536,1140,3860
3,1536,1090,3910
1,1536,1380,3620
0,1536,789,4211
2,1541,1140,3860
3,1541,1090,3910
0,1541,789,4211
1,1541,1380,3620
2,1546,1140,3860
3,1546,1090,3910
1,1546,1380,3620
0,1546,789,4211
2,1551,1140,3860
3,1551,1090,3910
1,1551,1380,3620
0,1551,789,4211
2,1556,1140,3860
3,1556,1090,3910
1,1556,1380,3620
0,1556,789,4211
2,1561,1140,3860
3,1561,1090,3910
0,1561,789,4211
1,1561,1380,3620
2,1566,1140,3860
3,1566,1090,3910
1,1566,1380,3620
0,1566,789,4211
2,1571,1140,3860
3,1571,1090,3910
0,1571,789,4211
1,1571,1380,3620
2,1576,1140,3860
3,1576,1090,3910
0,1576,789,4211
1,1576,1380,3620
2,1581,1140,3860
3,1581,1090,3910
0,1581,789,4211
1,1581,1380,3620
2,1586,1140,3860
3,1586,1090,3910
1,1586,1380,3620
0,1586,789,4211
2,1591,1140,3860
3,1591,1090,3910
1,1591,1380,3620
0,1591,789,4211
2,1596,1140,3860
3,1596,1090,3910
1,1596,1380,3620
0,1596,789,4211
2,1601,1140,3860
3,1601,1090,3910
0,1601,789,4211
1,1601,1380,3620
2,1606,1140,3860
3,1606,1090,3910
0,1606,789,4211
1,1606,1380,3620
2,1611,1140,3860
3,1611,1090,3910
1,1611,1380,3620
0,1611,789,4211
2,1616,1140,3860
3,1616,1090,3910
0,1616,789,4211
1,1616,1380,3620
2,1621,1140,3860
3,1621,1090,3910
1,1621,1380,3620
0,1621,789,4211
2,1626,1140,3860
0,1626,789,4211
3,1626,1090,3910
1,1626,1380,3620
2,1631,1140,3860
3,1631,1090,3910
1,1631,1380,3620
0,1631,789,4211
2,1636,1140,3860
3,1636,1090,3910
0,1636,789,4211
1,1636,1380,3620
2,1641,1140,3860
1,1641,1380,3620
0,1641,789,4211
3,1641,1090,3910
2,1646,1140,3860
3,1646,1090,3910
1,1646,1380,3620
0,1646,789,4211
2,1651,1140,3860
1,1651,1380,3620
0,1651,789,4211
3,1651,1090,3910
2,1656,1140,3860
1,1656,1380,3620
3,1656,1090,3910
0,1656,789,4211
2,1661,1140,3860
3,1661,1090,3910
1,1661,1380,3620
0,1661,789,4211
2,1666,1140,3860
1,1666,1380,3620
3,1666,1090,3910
0,1666,789,4211
2,1671,1140,3860
1,1671,0,5000
3,1671,1090,3910
0,1671,789,4211
2,1676,1140,3860
3,1676,1090,3910
0,1676,789,4211
1,1676,0,5000
2,1681,1140,3860
3,1681,1090,3910
1,1681,0,5000
0,1681,789,4211
2,1686,1140,3860
1,1686,0,5000
0,1686,789,4211
3,1686,1090,3910
2,1691,1140,3860
0,1691,789,4211
3,1691,1090,3910
1,1691,0,5000
2,1696,1140,3860
3,1696,1090,3910
1,1696,0,5000
0,1696,789,4211
2,1701,1140,3860
0,1701,789,4211
3,1701,1090,3910
1,1701,0,5000
2,1706,1140,3860
0,1706,789,4211
1,1706,0,5000
3,1706,1090,3910
2,1711,1140,3860
3,1711,1090,3910
0,1711,789,4211
1,1711,0,5000
2,1716,1140,3860
3,1716,1090,3910
1,1716,0,5000
0,1716,789,4211
2,1721,1140,3860
3,1721,1090,3910
0,1721,789,4211
1,1721,0,5000
2,1726,1140,3860
1,1726,0,5000
3,1726,1090,3910
0,1726,789,4211
2,1731,1140,3860
0,1731,789,4211
3,1731,1090,3910
1,1731,0,5000
2,1736,1140,3860
0,1736,789,4211
1,1736,0,5000
3,1736,1090,3910
2,1741,1140,3860
1,1741,0,5000
3,1741,1090,3910
0,1741,789,4211
2,1746,1140,3860
1,1746,0,5000
0,1746,789,4211
3,1746,1090,3910
2,1751,1140,3860
3,1751,1090,3910
0,1751,789,4211
1,1751,0,5000
2,1756,1140,3860
3,1756,1090,3910
0,1756,789,4211
1,1756,0,5000
2,1761,1140,3860
0,1761,789,4211
1,1761,0,5000
3,1761,0,5000
2,1766,1140,3860
3,1766,0,5000
1,1766,0,5000
0,1766,789,4211
2,1771,1140,3860
3,1771,0,5000
0,1771,789,4211
1,1771,0,5000
2,1776,0,5000
1,1776,0,5000
0,1776,789,4211
3,1776,0,5000
2,1781,0,5000
1,1781,0,5000
3,1781,0,5000
0,1781,789,4211
2,1786,0,5000
1,1786,0,5000
0,1786,789,4211
3,1786,0,5000
2,1791,0,5000
1,1791,0,5000
0,1791,789,4211
3,1791,0,5000
2,1796,0,5000
1,1796,0,5000
0,1796,789,4211
3,1796,0,5000
2,1801,0,5000
1,1801,0,5000
0,1801,789,4211
3,1801,0,5000
2,1806,0,5000
1,1806,0,5000
0,1806,789,4211
3,1806,0,5000
2,1811,0,5000
1,1811,0,5000
0,1811,789,4211
3,1811,0,5000
2,1816,0,5000
1,1816,0,5000
0,1816,789,4211
3,1816,0,5000
2,1821,0,5000
1,1821,0,5000
0,1821,789,4211
3,1821,0,5000
2,1826,0,5000
1,1826,0,5000
0,1826,789,4211
3,1826,0,5000
2,1831,0,5000
1,1831,0,5000
0,1831,789,4211
3,1831,0,5000
2,1836,0,5000
1,1836,0,5000
0,1836,789,4211
3,1836,0,5000
2,1841,0,5000
1,1841,0,5000
3,1841,0,5000
0,1841,789,4211
2,1846,0,5000
3,1846,0,5000
0,1846,789,4211
1,1846,0,5000
2,1851,0,5000
0,1851,789,4211
1,1851,0,5000
3,1851,0,5000
2,1856,0,5000
0,1856,789,4211
3,1856,0,5000
1,1856,0,5000
2,1861,0,5000
1,1861,0,5000
3,1861,0,5000
0,1861,789,4211
2,1866,0,5000
0,1866,789,4211
3,1866,0,5000
1,1866,0,5000
2,1871,0,5000
0,1871,789,4211
1,1871,0,5000
3,1871,0,5000
2,1876,0,5000
3,1876,0,5000
1,1876,0,5000
0,1876,0,5000
